"Data Source","World Development Indicators",

"Last Updated Date","2026-07-13",

"Country Name","Country Code","Indicator Name","Indicator Code","1960","1961","1962","1963","1964","1965","1966","1967","1968","1969","1970","1971","1972","1973","1974","1975","1976","1977","1978","1979","1980","1981","1982","1983","1984","1985","1986","1987","1988","1989","1990","1991","1992","1993","1994","1995","1996","1997","1998","1999","2000","2001","2002","2003","2004","2005","2006","2007","2008","2009","2010","2011","2012","2013","2014","2015","2016","2017","2018","2019","2020","2021","2022","2023","2024","2025",
"Aruba","ABW","Population living in areas where elevation is below 5 meters (% of total population)","EN.POP.EL5M.ZS","","","","","","","","","","","","","","","","","","","","","","","","","","","","","","","5.35265113312049","","","","","","","","","","5.12691200022804","","","","","","","","","","","","","","","4.99749731654337","","","","","","","","","","",
"Africa Eastern and Southern","AFE","Population living in areas where elevation is below 5 meters (% of total population)","EN.POP.EL5M.ZS","","","","","","","","","","","","","","","","","","","","","","","","","","","","","","","0.664739798230536","","","","","","","","","","0.651664044324367","","","","","","","","","","","","","","","0.66296581745632","","","","","","","","","","",
"Afghanistan","AFG","Population living in areas where elevation is below 5 meters (% of total population)","EN.POP.EL5M.ZS","","","","","","","","","","","","","","","","","","","","","","","","","","","","","","","0","","","","","","","","","","0","","","","","","","","","","","","","","","0","","","","","","","","","","",
"Africa Western and Central","AFW","Population living in areas where elevation is below 5 meters (% of total population)","EN.POP.EL5M.ZS","","","","","","","","","","","","","","","","","","","","","","","","","","","","","","","3.11686750856866","","","","","","","","","","3.12939365051487","","","","","","","","","","","","","","","3.12516768362093","","","","","","","","","","",
"Angola","AGO","Population living in areas where elevation is below 5 meters (% of total population)","EN.POP.EL5M.ZS","","","","","","","","","","","","","","","","","","","","","","","","","","","","","","","0.439385456246776","","","","","","","","","","0.671008144027738","","","","","","","","","","","","","","","1.53305214067655","","","","","","","","","","",
"Albania","ALB","Population living in areas where elevation is below 5 meters (% of total population)","EN.POP.EL5M.ZS","","","","","","","","","","","","","","","","","","","","","","","","","","","","","","","6.51731386616514","","","","","","","","","","7.80516271462674","","","","","","","","","","","","","","","9.15110167982407","","","","","","","","","","",
"Andorra","AND","Population living in areas where elevation is below 5 meters (% of total population)","EN.POP.EL5M.ZS","","","","","","","","","","","","","","","","","","","","","","","","","","","","","","","0","","","","","","","","","","0","","","","","","","","","","","","","","","0","","","","","","","","","","",
"Arab World","ARB","Population living in areas where elevation is below 5 meters (% of total population)","EN.POP.EL5M.ZS","","","","","","","","","","","","","","","","","","","","","","","","","","","","","","","6.27961497445269","","","","","","","","","","6.4020238245681","","","","","","","","","","","","","","","6.63346365297432","","","","","","","","","","",
"United Arab Emirates","ARE","Population living in areas where elevation is below 5 meters (% of total population)","EN.POP.EL5M.ZS","","","","","","","","","","","","","","","","","","","","","","","","","","","","","","","32.1573431510629","","","","","","","","","","29.1962510213329","","","","","","","","","","","","","","","26.7198219315291","","","","","","","","","","",
"Argentina","ARG","Population living in areas where elevation is below 5 meters (% of total population)","EN.POP.EL5M.ZS","","","","","","","","","","","","","","","","","","","","","","","","","","","","","","","0.718817264065184","","","","","","","","","","0.886498602037018","","","","","","","","","","","","","","","1.02928663774484","","","","","","","","","","",
"Armenia","ARM","Population living in areas where elevation is below 5 meters (% of total population)","EN.POP.EL5M.ZS","","","","","","","","","","","","","","","","","","","","","","","","","","","","","","","0","","","","","","","","","","0","","","","","","","","","","","","","","","0","","","","","","","","","","",
"American Samoa","ASM","Population living in areas where elevation is below 5 meters (% of total population)","EN.POP.EL5M.ZS","","","","","","","","","","","","","","","","","","","","","","","","","","","","","","","7.33036288704485","","","","","","","","","","6.55380468180685","","","","","","","","","","","","","","","4.62737256653892","","","","","","","","","","",
"Antigua and Barbuda","ATG","Population living in areas where elevation is below 5 meters (% of total population)","EN.POP.EL5M.ZS","","","","","","","","","","","","","","","","","","","","","","","","","","","","","","","13.843005722233","","","","","","","","","","13.3913028602081","","","","","","","","","","","","","","","12.1917757079868","","","","","","","","","","",
"Australia","AUS","Population living in areas where elevation is below 5 meters (% of total population)","EN.POP.EL5M.ZS","","","","","","","","","","","","","","","","","","","","","","","","","","","","","","","3.62444640981595","","","","","","","","","","3.60544221770209","","","","","","","","","","","","","","","3.6013357263928","","","","","","","","","","",
"Austria","AUT","Population living in areas where elevation is below 5 meters (% of total population)","EN.POP.EL5M.ZS","","","","","","","","","","","","","","","","","","","","","","","","","","","","","","","0","","","","","","","","","","0","","","","","","","","","","","","","","","0","","","","","","","","","","",
"Azerbaijan","AZE","Population living in areas where elevation is below 5 meters (% of total population)","EN.POP.EL5M.ZS","","","","","","","","","","","","","","","","","","","","","","","","","","","","","","","0","","","","","","","","","","0","","","","","","","","","","","","","","","0","","","","","","","","","","",
"Burundi","BDI","Population living in areas where elevation is below 5 meters (% of total population)","EN.POP.EL5M.ZS","","","","","","","","","","","","","","","","","","","","","","","","","","","","","","","0","","","","","","","","","","0","","","","","","","","","","","","","","","0","","","","","","","","","","",
"Belgium","BEL","Population living in areas where elevation is below 5 meters (% of total population)","EN.POP.EL5M.ZS","","","","","","","","","","","","","","","","","","","","","","","","","","","","","","","5.24642727872254","","","","","","","","","","5.40094970684132","","","","","","","","","","","","","","","5.48301366791854","","","","","","","","","","",
"Benin","BEN","Population living in areas where elevation is below 5 meters (% of total population)","EN.POP.EL5M.ZS","","","","","","","","","","","","","","","","","","","","","","","","","","","","","","","8.86795187519583","","","","","","","","","","7.95812004207279","","","","","","","","","","","","","","","7.25427232711727","","","","","","","","","","",
"Burkina Faso","BFA","Population living in areas where elevation is below 5 meters (% of total population)","EN.POP.EL5M.ZS","","","","","","","","","","","","","","","","","","","","","","","","","","","","","","","0","","","","","","","","","","0","","","","","","","","","","","","","","","0","","","","","","","","","","",
"Bangladesh","BGD","Population living in areas where elevation is below 5 meters (% of total population)","EN.POP.EL5M.ZS","","","","","","","","","","","","","","","","","","","","","","","","","","","","","","","10.2742344619481","","","","","","","","","","9.41849968269525","","","","","","","","","","","","","","","8.38183750736477","","","","","","","","","","",
"Bulgaria","BGR","Population living in areas where elevation is below 5 meters (% of total population)","EN.POP.EL5M.ZS","","","","","","","","","","","","","","","","","","","","","","","","","","","","","","","1.15901270660048","","","","","","","","","","1.22764984173285","","","","","","","","","","","","","","","1.33967587036816","","","","","","","","","","",
"Bahrain","BHR","Population living in areas where elevation is below 5 meters (% of total population)","EN.POP.EL5M.ZS","","","","","","","","","","","","","","","","","","","","","","","","","","","","","","","32.950573570193","","","","","","","","","","33.4543157238155","","","","","","","","","","","","","","","32.9847026314836","","","","","","","","","","",
"Bahamas, The","BHS","Population living in areas where elevation is below 5 meters (% of total population)","EN.POP.EL5M.ZS","","","","","","","","","","","","","","","","","","","","","","","","","","","","","","","11.7146980361444","","","","","","","","","","11.9554346917106","","","","","","","","","","","","","","","12.8571394251619","","","","","","","","","","",
"Bosnia and Herzegovina","BIH","Population living in areas where elevation is below 5 meters (% of total population)","EN.POP.EL5M.ZS","","","","","","","","","","","","","","","","","","","","","","","","","","","","","","","0.0164393849956732","","","","","","","","","","0.0140847302389965","","","","","","","","","","","","","","","0.0137988235253632","","","","","","","","","","",
"Belarus","BLR","Population living in areas where elevation is below 5 meters (% of total population)","EN.POP.EL5M.ZS","","","","","","","","","","","","","","","","","","","","","","","","","","","","","","","0","","","","","","","","","","0","","","","","","","","","","","","","","","0","","","","","","","","","","",
"Belize","BLZ","Population living in areas where elevation is below 5 meters (% of total population)","EN.POP.EL5M.ZS","","","","","","","","","","","","","","","","","","","","","","","","","","","","","","","31.2880399469282","","","","","","","","","","32.0968795250775","","","","","","","","","","","","","","","33.8562563835843","","","","","","","","","","",
"Bermuda","BMU","Population living in areas where elevation is below 5 meters (% of total population)","EN.POP.EL5M.ZS","","","","","","","","","","","","","","","","","","","","","","","","","","","","","","","6.45797024472045","","","","","","","","","","6.68111201031849","","","","","","","","","","","","","","","7.22995540717487","","","","","","","","","","",
"Bolivia","BOL","Population living in areas where elevation is below 5 meters (% of total population)","EN.POP.EL5M.ZS","","","","","","","","","","","","","","","","","","","","","","","","","","","","","","","0","","","","","","","","","","0","","","","","","","","","","","","","","","0","","","","","","","","","","",
"Brazil","BRA","Population living in areas where elevation is below 5 meters (% of total population)","EN.POP.EL5M.ZS","","","","","","","","","","","","","","","","","","","","","","","","","","","","","","","1.971544668105","","","","","","","","","","2.07385749148618","","","","","","","","","","","","","","","2.23302391070075","","","","","","","","","","",
"Barbados","BRB","Population living in areas where elevation is below 5 meters (% of total population)","EN.POP.EL5M.ZS","","","","","","","","","","","","","","","","","","","","","","","","","","","","","","","2.457573752102","","","","","","","","","","2.13560874480788","","","","","","","","","","","","","","","2.20666381805887","","","","","","","","","","",
"Brunei Darussalam","BRN","Population living in areas where elevation is below 5 meters (% of total population)","EN.POP.EL5M.ZS","","","","","","","","","","","","","","","","","","","","","","","","","","","","","","","21.8361015879814","","","","","","","","","","21.5009033629888","","","","","","","","","","","","","","","20.870967238675","","","","","","","","","","",
"Bhutan","BTN","Population living in areas where elevation is below 5 meters (% of total population)","EN.POP.EL5M.ZS","","","","","","","","","","","","","","","","","","","","","","","","","","","","","","","0","","","","","","","","","","0","","","","","","","","","","","","","","","0","","","","","","","","","","",
"Botswana","BWA","Population living in areas where elevation is below 5 meters (% of total population)","EN.POP.EL5M.ZS","","","","","","","","","","","","","","","","","","","","","","","","","","","","","","","0","","","","","","","","","","0","","","","","","","","","","","","","","","0","","","","","","","","","","",
"Central African Republic","CAF","Population living in areas where elevation is below 5 meters (% of total population)","EN.POP.EL5M.ZS","","","","","","","","","","","","","","","","","","","","","","","","","","","","","","","0","","","","","","","","","","0","","","","","","","","","","","","","","","0","","","","","","","","","","",
"Canada","CAN","Population living in areas where elevation is below 5 meters (% of total population)","EN.POP.EL5M.ZS","","","","","","","","","","","","","","","","","","","","","","","","","","","","","","","1.5179836699866","","","","","","","","","","1.4831001712578","","","","","","","","","","","","","","","1.44116830882438","","","","","","","","","","",
"Central Europe and the Baltics","CEB","Population living in areas where elevation is below 5 meters (% of total population)","EN.POP.EL5M.ZS","","","","","","","","","","","","","","","","","","","","","","","","","","","","","","","1.2580961411449","","","","","","","","","","1.23449867349884","","","","","","","","","","","","","","","1.21399520986787","","","","","","","","","","",
"Switzerland","CHE","Population living in areas where elevation is below 5 meters (% of total population)","EN.POP.EL5M.ZS","","","","","","","","","","","","","","","","","","","","","","","","","","","","","","","0","","","","","","","","","","0","","","","","","","","","","","","","","","0","","","","","","","","","","",
"Channel Islands","CHI","Population living in areas where elevation is below 5 meters (% of total population)","EN.POP.EL5M.ZS","","","","","","","","","","","","","","","","","","","","","","","","","","","","","","","","","","","","","","","","","","","","","","","","","","","","","","","","","","","","","","","","","","",
"Chile","CHL","Population living in areas where elevation is below 5 meters (% of total population)","EN.POP.EL5M.ZS","","","","","","","","","","","","","","","","","","","","","","","","","","","","","","","1.00311984178062","","","","","","","","","","0.983982671284965","","","","","","","","","","","","","","","0.958467364431253","","","","","","","","","","",
"China","CHN","Population living in areas where elevation is below 5 meters (% of total population)","EN.POP.EL5M.ZS","","","","","","","","","","","","","","","","","","","","","","","","","","","","","","","3.68486605091801","","","","","","","","","","4.09048250349438","","","","","","","","","","","","","","","4.87880231853816","","","","","","","","","","",
"Cote d'Ivoire","CIV","Population living in areas where elevation is below 5 meters (% of total population)","EN.POP.EL5M.ZS","","","","","","","","","","","","","","","","","","","","","","","","","","","","","","","3.39865824890405","","","","","","","","","","3.32230675562722","","","","","","","","","","","","","","","3.26601676991083","","","","","","","","","","",
"Cameroon","CMR","Population living in areas where elevation is below 5 meters (% of total population)","EN.POP.EL5M.ZS","","","","","","","","","","","","","","","","","","","","","","","","","","","","","","","1.29138613571209","","","","","","","","","","1.85262700699208","","","","","","","","","","","","","","","2.29087878478046","","","","","","","","","","",
"Congo, Dem. Rep.","COD","Population living in areas where elevation is below 5 meters (% of total population)","EN.POP.EL5M.ZS","","","","","","","","","","","","","","","","","","","","","","","","","","","","","","","0.0323773933216351","","","","","","","","","","0.0199152607971672","","","","","","","","","","","","","","","0.012774030558603","","","","","","","","","","",
"Congo, Rep.","COG","Population living in areas where elevation is below 5 meters (% of total population)","EN.POP.EL5M.ZS","","","","","","","","","","","","","","","","","","","","","","","","","","","","","","","0.566248837544207","","","","","","","","","","1.04115162529172","","","","","","","","","","","","","","","0.944060135733029","","","","","","","","","","",
"Colombia","COL","Population living in areas where elevation is below 5 meters (% of total population)","EN.POP.EL5M.ZS","","","","","","","","","","","","","","","","","","","","","","","","","","","","","","","2.04827708800024","","","","","","","","","","2.17983943787945","","","","","","","","","","","","","","","2.34105613545381","","","","","","","","","","",
"Comoros","COM","Population living in areas where elevation is below 5 meters (% of total population)","EN.POP.EL5M.ZS","","","","","","","","","","","","","","","","","","","","","","","","","","","","","","","3.56127286963999","","","","","","","","","","3.570629162985","","","","","","","","","","","","","","","3.21938427188237","","","","","","","","","","",
"Cabo Verde","CPV","Population living in areas where elevation is below 5 meters (% of total population)","EN.POP.EL5M.ZS","","","","","","","","","","","","","","","","","","","","","","","","","","","","","","","8.12830765907913","","","","","","","","","","7.87631189633913","","","","","","","","","","","","","","","6.45170487085517","","","","","","","","","","",
"Costa Rica","CRI","Population living in areas where elevation is below 5 meters (% of total population)","EN.POP.EL5M.ZS","","","","","","","","","","","","","","","","","","","","","","","","","","","","","","","2.09690046437692","","","","","","","","","","2.01240638570678","","","","","","","","","","","","","","","2.00237495832442","","","","","","","","","","",
"Caribbean small states","CSS","Population living in areas where elevation is below 5 meters (% of total population)","EN.POP.EL5M.ZS","","","","","","","","","","","","","","","","","","","","","","","","","","","","","","","29.4520666445087","","","","","","","","","","29.4181195406765","","","","","","","","","","","","","","","29.71306985108","","","","","","","","","","",
"Cuba","CUB","Population living in areas where elevation is below 5 meters (% of total population)","EN.POP.EL5M.ZS","","","","","","","","","","","","","","","","","","","","","","","","","","","","","","","2.48437227099766","","","","","","","","","","2.43329641957365","","","","","","","","","","","","","","","2.50495003993379","","","","","","","","","","",
"Curacao","CUW","Population living in areas where elevation is below 5 meters (% of total population)","EN.POP.EL5M.ZS","","","","","","","","","","","","","","","","","","","","","","","","","","","","","","","2.24624456850387","","","","","","","","","","1.99583849608097","","","","","","","","","","","","","","","1.68014514768168","","","","","","","","","","",
"Cayman Islands","CYM","Population living in areas where elevation is below 5 meters (% of total population)","EN.POP.EL5M.ZS","","","","","","","","","","","","","","","","","","","","","","","","","","","","","","","20.0878476714461","","","","","","","","","","19.2997656397508","","","","","","","","","","","","","","","17.6167014674732","","","","","","","","","","",
"Cyprus","CYP","Population living in areas where elevation is below 5 meters (% of total population)","EN.POP.EL5M.ZS","","","","","","","","","","","","","","","","","","","","","","","","","","","","","","","4.28556753363336","","","","","","","","","","4.19935513120277","","","","","","","","","","","","","","","4.04474158997971","","","","","","","","","","",
"Czechia","CZE","Population living in areas where elevation is below 5 meters (% of total population)","EN.POP.EL5M.ZS","","","","","","","","","","","","","","","","","","","","","","","","","","","","","","","0","","","","","","","","","","0","","","","","","","","","","","","","","","0","","","","","","","","","","",
"Germany","DEU","Population living in areas where elevation is below 5 meters (% of total population)","EN.POP.EL5M.ZS","","","","","","","","","","","","","","","","","","","","","","","","","","","","","","","1.93694200542934","","","","","","","","","","1.96366041355455","","","","","","","","","","","","","","","1.99002924234282","","","","","","","","","","",
"Djibouti","DJI","Population living in areas where elevation is below 5 meters (% of total population)","EN.POP.EL5M.ZS","","","","","","","","","","","","","","","","","","","","","","","","","","","","","","","9.60658680685965","","","","","","","","","","9.88277054949452","","","","","","","","","","","","","","","11.0745910622314","","","","","","","","","","",
"Dominica","DMA","Population living in areas where elevation is below 5 meters (% of total population)","EN.POP.EL5M.ZS","","","","","","","","","","","","","","","","","","","","","","","","","","","","","","","12.0527822701687","","","","","","","","","","12.2454853140177","","","","","","","","","","","","","","","12.8568467497055","","","","","","","","","","",
"Denmark","DNK","Population living in areas where elevation is below 5 meters (% of total population)","EN.POP.EL5M.ZS","","","","","","","","","","","","","","","","","","","","","","","","","","","","","","","12.7043198733252","","","","","","","","","","12.6130537011972","","","","","","","","","","","","","","","12.5703443745095","","","","","","","","","","",
"Dominican Republic","DOM","Population living in areas where elevation is below 5 meters (% of total population)","EN.POP.EL5M.ZS","","","","","","","","","","","","","","","","","","","","","","","","","","","","","","","1.51430669043329","","","","","","","","","","1.66556991044008","","","","","","","","","","","","","","","1.84398033192546","","","","","","","","","","",
"Algeria","DZA","Population living in areas where elevation is below 5 meters (% of total population)","EN.POP.EL5M.ZS","","","","","","","","","","","","","","","","","","","","","","","","","","","","","","","1.55250292225382","","","","","","","","","","1.38233673316459","","","","","","","","","","","","","","","1.2456681044134","","","","","","","","","","",
"East Asia & Pacific (excluding high income)","EAP","Population living in areas where elevation is below 5 meters (% of total population)","EN.POP.EL5M.ZS","","","","","","","","","","","","","","","","","","","","","","","","","","","","","","","5.91751840917235","","","","","","","","","","6.45323446273172","","","","","","","","","","","","","","","7.32979907566895","","","","","","","","","","",
"Early-demographic dividend","EAR","Population living in areas where elevation is below 5 meters (% of total population)","EN.POP.EL5M.ZS","","","","","","","","","","","","","","","","","","","","","","","","","","","","","","","3.4789817343743","","","","","","","","","","3.43782565085971","","","","","","","","","","","","","","","3.37579230464872","","","","","","","","","","",
"East Asia & Pacific","EAS","Population living in areas where elevation is below 5 meters (% of total population)","EN.POP.EL5M.ZS","","","","","","","","","","","","","","","","","","","","","","","","","","","","","","","6.24526091923565","","","","","","","","","","6.6763570448249","","","","","","","","","","","","","","","7.4059993997772","","","","","","","","","","",
"Europe & Central Asia (excluding high income)","ECA","Population living in areas where elevation is below 5 meters (% of total population)","EN.POP.EL5M.ZS","","","","","","","","","","","","","","","","","","","","","","","","","","","","","","","1.20844670686755","","","","","","","","","","1.23253653420824","","","","","","","","","","","","","","","1.23082362187868","","","","","","","","","","",
"Europe & Central Asia","ECS","Population living in areas where elevation is below 5 meters (% of total population)","EN.POP.EL5M.ZS","","","","","","","","","","","","","","","","","","","","","","","","","","","","","","","2.84530564166369","","","","","","","","","","2.91754547169349","","","","","","","","","","","","","","","2.98658351336204","","","","","","","","","","",
"Ecuador","ECU","Population living in areas where elevation is below 5 meters (% of total population)","EN.POP.EL5M.ZS","","","","","","","","","","","","","","","","","","","","","","","","","","","","","","","7.41001847978011","","","","","","","","","","7.34969220191434","","","","","","","","","","","","","","","7.21542013422517","","","","","","","","","","",
"Egypt, Arab Rep.","EGY","Population living in areas where elevation is below 5 meters (% of total population)","EN.POP.EL5M.ZS","","","","","","","","","","","","","","","","","","","","","","","","","","","","","","","15.600975738531","","","","","","","","","","16.1327520479469","","","","","","","","","","","","","","","16.3449056045819","","","","","","","","","","",
"Euro area","EMU","Population living in areas where elevation is below 5 meters (% of total population)","EN.POP.EL5M.ZS","","","","","","","","","","","","","","","","","","","","","","","","","","","","","","","5.0082100015007","","","","","","","","","","5.15831266240299","","","","","","","","","","","","","","","5.30852612996463","","","","","","","","","","",
"Eritrea","ERI","Population living in areas where elevation is below 5 meters (% of total population)","EN.POP.EL5M.ZS","","","","","","","","","","","","","","","","","","","","","","","","","","","","","","","16.3455633225531","","","","","","","","","","16.1011681252754","","","","","","","","","","","","","","","15.4855376134057","","","","","","","","","","",
"Spain","ESP","Population living in areas where elevation is below 5 meters (% of total population)","EN.POP.EL5M.ZS","","","","","","","","","","","","","","","","","","","","","","","","","","","","","","","3.82382580545057","","","","","","","","","","3.88895521579431","","","","","","","","","","","","","","","3.99842632128181","","","","","","","","","","",
"Estonia","EST","Population living in areas where elevation is below 5 meters (% of total population)","EN.POP.EL5M.ZS","","","","","","","","","","","","","","","","","","","","","","","","","","","","","","","1.74901077917125","","","","","","","","","","2.52199925489413","","","","","","","","","","","","","","","2.61109485088201","","","","","","","","","","",
"Ethiopia","ETH","Population living in areas where elevation is below 5 meters (% of total population)","EN.POP.EL5M.ZS","","","","","","","","","","","","","","","","","","","","","","","","","","","","","","","0","","","","","","","","","","0","","","","","","","","","","","","","","","0","","","","","","","","","","",
"European Union","EUU","Population living in areas where elevation is below 5 meters (% of total population)","EN.POP.EL5M.ZS","","","","","","","","","","","","","","","","","","","","","","","","","","","","","","","4.29889779380049","","","","","","","","","","4.43866561844274","","","","","","","","","","","","","","","4.61317747949968","","","","","","","","","","",
"Finland","FIN","Population living in areas where elevation is below 5 meters (% of total population)","EN.POP.EL5M.ZS","","","","","","","","","","","","","","","","","","","","","","","","","","","","","","","4.49583011753672","","","","","","","","","","4.58352758061439","","","","","","","","","","","","","","","4.55613658391432","","","","","","","","","","",
"Fiji","FJI","Population living in areas where elevation is below 5 meters (% of total population)","EN.POP.EL5M.ZS","","","","","","","","","","","","","","","","","","","","","","","","","","","","","","","18.1062970061759","","","","","","","","","","17.9816564587729","","","","","","","","","","","","","","","18.2646769725551","","","","","","","","","","",
"France","FRA","Population living in areas where elevation is below 5 meters (% of total population)","EN.POP.EL5M.ZS","","","","","","","","","","","","","","","","","","","","","","","","","","","","","","","2.13522605910463","","","","","","","","","","2.09923093271042","","","","","","","","","","","","","","","2.08138306935594","","","","","","","","","","",
"Faroe Islands","FRO","Population living in areas where elevation is below 5 meters (% of total population)","EN.POP.EL5M.ZS","","","","","","","","","","","","","","","","","","","","","","","","","","","","","","","2.78552503999881","","","","","","","","","","2.7681838549673","","","","","","","","","","","","","","","2.67390517589443","","","","","","","","","","",
"Micronesia, Fed. Sts.","FSM","Population living in areas where elevation is below 5 meters (% of total population)","EN.POP.EL5M.ZS","","","","","","","","","","","","","","","","","","","","","","","","","","","","","","","28.3124798467803","","","","","","","","","","25.55096984345","","","","","","","","","","","","","","","23.2202307154668","","","","","","","","","","",
"Gabon","GAB","Population living in areas where elevation is below 5 meters (% of total population)","EN.POP.EL5M.ZS","","","","","","","","","","","","","","","","","","","","","","","","","","","","","","","10.8957240347949","","","","","","","","","","10.5622148242725","","","","","","","","","","","","","","","9.52729723911365","","","","","","","","","","",
"United Kingdom","GBR","Population living in areas where elevation is below 5 meters (% of total population)","EN.POP.EL5M.ZS","","","","","","","","","","","","","","","","","","","","","","","","","","","","","","","2.686079581576","","","","","","","","","","2.71336485762351","","","","","","","","","","","","","","","2.74511866286225","","","","","","","","","","",
"Georgia","GEO","Population living in areas where elevation is below 5 meters (% of total population)","EN.POP.EL5M.ZS","","","","","","","","","","","","","","","","","","","","","","","","","","","","","","","3.00938603415994","","","","","","","","","","3.25901526703938","","","","","","","","","","","","","","","3.85225301774937","","","","","","","","","","",
"Ghana","GHA","Population living in areas where elevation is below 5 meters (% of total population)","EN.POP.EL5M.ZS","","","","","","","","","","","","","","","","","","","","","","","","","","","","","","","2.46076140524035","","","","","","","","","","2.36247668158555","","","","","","","","","","","","","","","2.1287841350265","","","","","","","","","","",
"Gibraltar","GIB","Population living in areas where elevation is below 5 meters (% of total population)","EN.POP.EL5M.ZS","","","","","","","","","","","","","","","","","","","","","","","","","","","","","","","55.9497089771764","","","","","","","","","","56.4581037900881","","","","","","","","","","","","","","","56.4066671990183","","","","","","","","","","",
"Guinea","GIN","Population living in areas where elevation is below 5 meters (% of total population)","EN.POP.EL5M.ZS","","","","","","","","","","","","","","","","","","","","","","","","","","","","","","","2.05368586271623","","","","","","","","","","2.02835212317384","","","","","","","","","","","","","","","2.34686602584341","","","","","","","","","","",
"Gambia, The","GMB","Population living in areas where elevation is below 5 meters (% of total population)","EN.POP.EL5M.ZS","","","","","","","","","","","","","","","","","","","","","","","","","","","","","","","7.60595975789868","","","","","","","","","","5.8347611022273","","","","","","","","","","","","","","","4.3101211111681","","","","","","","","","","",
"Guinea-Bissau","GNB","Population living in areas where elevation is below 5 meters (% of total population)","EN.POP.EL5M.ZS","","","","","","","","","","","","","","","","","","","","","","","","","","","","","","","3.36818219785526","","","","","","","","","","3.74642440150521","","","","","","","","","","","","","","","4.53961279050343","","","","","","","","","","",
"Equatorial Guinea","GNQ","Population living in areas where elevation is below 5 meters (% of total population)","EN.POP.EL5M.ZS","","","","","","","","","","","","","","","","","","","","","","","","","","","","","","","5.70214092476617","","","","","","","","","","5.46271087870204","","","","","","","","","","","","","","","5.66273195374869","","","","","","","","","","",
"Greece","GRC","Population living in areas where elevation is below 5 meters (% of total population)","EN.POP.EL5M.ZS","","","","","","","","","","","","","","","","","","","","","","","","","","","","","","","5.08824100929482","","","","","","","","","","5.10886818734191","","","","","","","","","","","","","","","5.10819938614292","","","","","","","","","","",
"Grenada","GRD","Population living in areas where elevation is below 5 meters (% of total population)","EN.POP.EL5M.ZS","","","","","","","","","","","","","","","","","","","","","","","","","","","","","","","7.16222447773762","","","","","","","","","","5.73446806075132","","","","","","","","","","","","","","","5.85477777203569","","","","","","","","","","",
"Greenland","GRL","Population living in areas where elevation is below 5 meters (% of total population)","EN.POP.EL5M.ZS","","","","","","","","","","","","","","","","","","","","","","","","","","","","","","","58.9210901263992","","","","","","","","","","58.3101064480803","","","","","","","","","","","","","","","59.8627167311208","","","","","","","","","","",
"Guatemala","GTM","Population living in areas where elevation is below 5 meters (% of total population)","EN.POP.EL5M.ZS","","","","","","","","","","","","","","","","","","","","","","","","","","","","","","","0.245999926492001","","","","","","","","","","0.229077578140383","","","","","","","","","","","","","","","0.206295001583779","","","","","","","","","","",
"Guam","GUM","Population living in areas where elevation is below 5 meters (% of total population)","EN.POP.EL5M.ZS","","","","","","","","","","","","","","","","","","","","","","","","","","","","","","","3.29005252803733","","","","","","","","","","2.90868653603478","","","","","","","","","","","","","","","2.38697297670755","","","","","","","","","","",
"Guyana","GUY","Population living in areas where elevation is below 5 meters (% of total population)","EN.POP.EL5M.ZS","","","","","","","","","","","","","","","","","","","","","","","","","","","","","","","79.8380918386046","","","","","","","","","","79.5061397503621","","","","","","","","","","","","","","","78.4831581251732","","","","","","","","","","",
"High income","HIC","Population living in areas where elevation is below 5 meters (% of total population)","EN.POP.EL5M.ZS","","","","","","","","","","","","","","","","","","","","","","","","","","","","","","","4.13327933934633","","","","","","","","","","4.15395780085197","","","","","","","","","","","","","","","4.16039756205666","","","","","","","","","","",
"Hong Kong SAR, China","HKG","Population living in areas where elevation is below 5 meters (% of total population)","EN.POP.EL5M.ZS","","","","","","","","","","","","","","","","","","","","","","","","","","","","","","","6.89605313159033","","","","","","","","","","7.15115555781751","","","","","","","","","","","","","","","7.28685820893967","","","","","","","","","","",
"Honduras","HND","Population living in areas where elevation is below 5 meters (% of total population)","EN.POP.EL5M.ZS","","","","","","","","","","","","","","","","","","","","","","","","","","","","","","","1.6797907073461","","","","","","","","","","1.71389091615729","","","","","","","","","","","","","","","1.82227588839704","","","","","","","","","","",
"Heavily indebted poor countries (HIPC)","HPC","Population living in areas where elevation is below 5 meters (% of total population)","EN.POP.EL5M.ZS","","","","","","","","","","","","","","","","","","","","","","","","","","","","","","","1.62687121214313","","","","","","","","","","1.53800199607218","","","","","","","","","","","","","","","1.43623177869941","","","","","","","","","","",
"Croatia","HRV","Population living in areas where elevation is below 5 meters (% of total population)","EN.POP.EL5M.ZS","","","","","","","","","","","","","","","","","","","","","","","","","","","","","","","4.13695541604882","","","","","","","","","","4.17177178201885","","","","","","","","","","","","","","","4.31367326892496","","","","","","","","","","",
"Haiti","HTI","Population living in areas where elevation is below 5 meters (% of total population)","EN.POP.EL5M.ZS","","","","","","","","","","","","","","","","","","","","","","","","","","","","","","","4.64220747214274","","","","","","","","","","4.10856940847241","","","","","","","","","","","","","","","4.07394014873398","","","","","","","","","","",
"Hungary","HUN","Population living in areas where elevation is below 5 meters (% of total population)","EN.POP.EL5M.ZS","","","","","","","","","","","","","","","","","","","","","","","","","","","","","","","0","","","","","","","","","","0","","","","","","","","","","","","","","","0","","","","","","","","","","",
"IBRD only","IBD","Population living in areas where elevation is below 5 meters (% of total population)","EN.POP.EL5M.ZS","","","","","","","","","","","","","","","","","","","","","","","","","","","","","","","3.8436772812575","","","","","","","","","","4.08717925803","","","","","","","","","","","","","","","4.45164266227425","","","","","","","","","","",
"IDA & IBRD total","IBT","Population living in areas where elevation is below 5 meters (% of total population)","EN.POP.EL5M.ZS","","","","","","","","","","","","","","","","","","","","","","","","","","","","","","","3.64900692005687","","","","","","","","","","3.78510272163362","","","","","","","","","","","","","","","3.93761190772631","","","","","","","","","","",
"IDA total","IDA","Population living in areas where elevation is below 5 meters (% of total population)","EN.POP.EL5M.ZS","","","","","","","","","","","","","","","","","","","","","","","","","","","","","","","2.87836646858604","","","","","","","","","","2.72142588468034","","","","","","","","","","","","","","","2.43680471421841","","","","","","","","","","",
"IDA blend","IDB","Population living in areas where elevation is below 5 meters (% of total population)","EN.POP.EL5M.ZS","","","","","","","","","","","","","","","","","","","","","","","","","","","","","","","1.81028423385263","","","","","","","","","","1.83907693633169","","","","","","","","","","","","","","","1.8942105503023","","","","","","","","","","",
"Indonesia","IDN","Population living in areas where elevation is below 5 meters (% of total population)","EN.POP.EL5M.ZS","","","","","","","","","","","","","","","","","","","","","","","","","","","","","","","8.29376669036828","","","","","","","","","","8.51849639650314","","","","","","","","","","","","","","","8.81766119912081","","","","","","","","","","",
"IDA only","IDX","Population living in areas where elevation is below 5 meters (% of total population)","EN.POP.EL5M.ZS","","","","","","","","","","","","","","","","","","","","","","","","","","","","","","","3.43871338508751","","","","","","","","","","3.19321681204962","","","","","","","","","","","","","","","2.7342970271917","","","","","","","","","","",
"Isle of Man","IMN","Population living in areas where elevation is below 5 meters (% of total population)","EN.POP.EL5M.ZS","","","","","","","","","","","","","","","","","","","","","","","","","","","","","","","6.16164333383312","","","","","","","","","","6.06661832216233","","","","","","","","","","","","","","","5.99191284735536","","","","","","","","","","",
"India","IND","Population living in areas where elevation is below 5 meters (% of total population)","EN.POP.EL5M.ZS","","","","","","","","","","","","","","","","","","","","","","","","","","","","","","","1.96204321634697","","","","","","","","","","1.92873867875895","","","","","","","","","","","","","","","1.88001213009684","","","","","","","","","","",
"Not classified","INX","Population living in areas where elevation is below 5 meters (% of total population)","EN.POP.EL5M.ZS","","","","","","","","","","","","","","","","","","","","","","","","","","","","","","","","","","","","","","","","","","","","","","","","","","","","","","","","","","","","","","","","","","",
"Ireland","IRL","Population living in areas where elevation is below 5 meters (% of total population)","EN.POP.EL5M.ZS","","","","","","","","","","","","","","","","","","","","","","","","","","","","","","","2.83432232667801","","","","","","","","","","2.79915842776443","","","","","","","","","","","","","","","2.79860140235064","","","","","","","","","","",
"Iran, Islamic Rep.","IRN","Population living in areas where elevation is below 5 meters (% of total population)","EN.POP.EL5M.ZS","","","","","","","","","","","","","","","","","","","","","","","","","","","","","","","0.648041632091622","","","","","","","","","","0.835248384348086","","","","","","","","","","","","","","","0.928610379790746","","","","","","","","","","",
"Iraq","IRQ","Population living in areas where elevation is below 5 meters (% of total population)","EN.POP.EL5M.ZS","","","","","","","","","","","","","","","","","","","","","","","","","","","","","","","3.6330184196936","","","","","","","","","","4.06224724509828","","","","","","","","","","","","","","","4.59009995154453","","","","","","","","","","",
"Iceland","ISL","Population living in areas where elevation is below 5 meters (% of total population)","EN.POP.EL5M.ZS","","","","","","","","","","","","","","","","","","","","","","","","","","","","","","","12.7930657373","","","","","","","","","","12.2204200166911","","","","","","","","","","","","","","","11.3135349757772","","","","","","","","","","",
"Israel","ISR","Population living in areas where elevation is below 5 meters (% of total population)","EN.POP.EL5M.ZS","","","","","","","","","","","","","","","","","","","","","","","","","","","","","","","2.33493890790696","","","","","","","","","","2.00264220580492","","","","","","","","","","","","","","","1.70248770424203","","","","","","","","","","",
"Italy","ITA","Population living in areas where elevation is below 5 meters (% of total population)","EN.POP.EL5M.ZS","","","","","","","","","","","","","","","","","","","","","","","","","","","","","","","3.76135092143435","","","","","","","","","","3.78173668197581","","","","","","","","","","","","","","","3.81654106895182","","","","","","","","","","",
"Jamaica","JAM","Population living in areas where elevation is below 5 meters (% of total population)","EN.POP.EL5M.ZS","","","","","","","","","","","","","","","","","","","","","","","","","","","","","","","10.5474948812689","","","","","","","","","","9.78723905754824","","","","","","","","","","","","","","","9.15485047135585","","","","","","","","","","",
"Jordan","JOR","Population living in areas where elevation is below 5 meters (% of total population)","EN.POP.EL5M.ZS","","","","","","","","","","","","","","","","","","","","","","","","","","","","","","","0.0459426730464222","","","","","","","","","","0.048081015597357","","","","","","","","","","","","","","","0.053651096121461","","","","","","","","","","",
"Japan","JPN","Population living in areas where elevation is below 5 meters (% of total population)","EN.POP.EL5M.ZS","","","","","","","","","","","","","","","","","","","","","","","","","","","","","","","12.6857666391169","","","","","","","","","","12.5816872607223","","","","","","","","","","","","","","","12.4425842555292","","","","","","","","","","",
"Kazakhstan","KAZ","Population living in areas where elevation is below 5 meters (% of total population)","EN.POP.EL5M.ZS","","","","","","","","","","","","","","","","","","","","","","","","","","","","","","","0","","","","","","","","","","0","","","","","","","","","","","","","","","0","","","","","","","","","","",
"Kenya","KEN","Population living in areas where elevation is below 5 meters (% of total population)","EN.POP.EL5M.ZS","","","","","","","","","","","","","","","","","","","","","","","","","","","","","","","0.517247903567638","","","","","","","","","","0.439729030502853","","","","","","","","","","","","","","","0.409713227470306","","","","","","","","","","",
"Kyrgyz Republic","KGZ","Population living in areas where elevation is below 5 meters (% of total population)","EN.POP.EL5M.ZS","","","","","","","","","","","","","","","","","","","","","","","","","","","","","","","0","","","","","","","","","","0","","","","","","","","","","","","","","","0","","","","","","","","","","",
"Cambodia","KHM","Population living in areas where elevation is below 5 meters (% of total population)","EN.POP.EL5M.ZS","","","","","","","","","","","","","","","","","","","","","","","","","","","","","","","2.53119847526267","","","","","","","","","","2.49868106636432","","","","","","","","","","","","","","","2.00470704447948","","","","","","","","","","",
"Kiribati","KIR","Population living in areas where elevation is below 5 meters (% of total population)","EN.POP.EL5M.ZS","","","","","","","","","","","","","","","","","","","","","","","","","","","","","","","32.4167316005071","","","","","","","","","","32.8582041750644","","","","","","","","","","","","","","","33.5281166700452","","","","","","","","","","",
"St. Kitts and Nevis","KNA","Population living in areas where elevation is below 5 meters (% of total population)","EN.POP.EL5M.ZS","","","","","","","","","","","","","","","","","","","","","","","","","","","","","","","7.37234058264822","","","","","","","","","","7.58845147092077","","","","","","","","","","","","","","","7.44796014369895","","","","","","","","","","",
"Korea, Rep.","KOR","Population living in areas where elevation is below 5 meters (% of total population)","EN.POP.EL5M.ZS","","","","","","","","","","","","","","","","","","","","","","","","","","","","","","","2.21755449610843","","","","","","","","","","2.26447934208977","","","","","","","","","","","","","","","2.13367182802107","","","","","","","","","","",
"Kuwait","KWT","Population living in areas where elevation is below 5 meters (% of total population)","EN.POP.EL5M.ZS","","","","","","","","","","","","","","","","","","","","","","","","","","","","","","","5.32166967063762","","","","","","","","","","4.93225852800643","","","","","","","","","","","","","","","4.75710089918604","","","","","","","","","","",
"Latin America & Caribbean (excluding high income)","LAC","Population living in areas where elevation is below 5 meters (% of total population)","EN.POP.EL5M.ZS","","","","","","","","","","","","","","","","","","","","","","","","","","","","","","","1.91366247090178","","","","","","","","","","1.96905245894226","","","","","","","","","","","","","","","2.06809339651247","","","","","","","","","","",
"Lao PDR","LAO","Population living in areas where elevation is below 5 meters (% of total population)","EN.POP.EL5M.ZS","","","","","","","","","","","","","","","","","","","","","","","","","","","","","","","0","","","","","","","","","","0","","","","","","","","","","","","","","","0","","","","","","","","","","",
"Lebanon","LBN","Population living in areas where elevation is below 5 meters (% of total population)","EN.POP.EL5M.ZS","","","","","","","","","","","","","","","","","","","","","","","","","","","","","","","3.02295697257955","","","","","","","","","","3.03641925550962","","","","","","","","","","","","","","","2.95352811814315","","","","","","","","","","",
"Liberia","LBR","Population living in areas where elevation is below 5 meters (% of total population)","EN.POP.EL5M.ZS","","","","","","","","","","","","","","","","","","","","","","","","","","","","","","","10.5203062307329","","","","","","","","","","10.9164369119607","","","","","","","","","","","","","","","11.7318691364715","","","","","","","","","","",
"Libya","LBY","Population living in areas where elevation is below 5 meters (% of total population)","EN.POP.EL5M.ZS","","","","","","","","","","","","","","","","","","","","","","","","","","","","","","","7.56158088200254","","","","","","","","","","7.07801558883705","","","","","","","","","","","","","","","6.83376098719048","","","","","","","","","","",
"St. Lucia","LCA","Population living in areas where elevation is below 5 meters (% of total population)","EN.POP.EL5M.ZS","","","","","","","","","","","","","","","","","","","","","","","","","","","","","","","3.19727257860051","","","","","","","","","","3.09140851105605","","","","","","","","","","","","","","","3.17776267992752","","","","","","","","","","",
"Latin America & Caribbean","LCN","Population living in areas where elevation is below 5 meters (% of total population)","EN.POP.EL5M.ZS","","","","","","","","","","","","","","","","","","","","","","","","","","","","","","","2.10779201857379","","","","","","","","","","2.14001173792095","","","","","","","","","","","","","","","2.20803135222787","","","","","","","","","","",
"Least developed countries: UN classification","LDC","Population living in areas where elevation is below 5 meters (% of total population)","EN.POP.EL5M.ZS","","","","","","","","","","","","","","","","","","","","","","","","","","","","","","","3.40709517872092","","","","","","","","","","3.16523878961119","","","","","","","","","","","","","","","2.7085215414268","","","","","","","","","","",
"Low income","LIC","Population living in areas where elevation is below 5 meters (% of total population)","EN.POP.EL5M.ZS","","","","","","","","","","","","","","","","","","","","","","","","","","","","","","","1.19751780390908","","","","","","","","","","1.09832617806818","","","","","","","","","","","","","","","0.993800604365798","","","","","","","","","","",
"Liechtenstein","LIE","Population living in areas where elevation is below 5 meters (% of total population)","EN.POP.EL5M.ZS","","","","","","","","","","","","","","","","","","","","","","","","","","","","","","","0","","","","","","","","","","0","","","","","","","","","","","","","","","0","","","","","","","","","","",
"Sri Lanka","LKA","Population living in areas where elevation is below 5 meters (% of total population)","EN.POP.EL5M.ZS","","","","","","","","","","","","","","","","","","","","","","","","","","","","","","","4.00643334419397","","","","","","","","","","3.91877124437098","","","","","","","","","","","","","","","3.83269502133841","","","","","","","","","","",
"Lower middle income","LMC","Population living in areas where elevation is below 5 meters (% of total population)","EN.POP.EL5M.ZS","","","","","","","","","","","","","","","","","","","","","","","","","","","","","","","3.06402318605761","","","","","","","","","","3.04019883220988","","","","","","","","","","","","","","","2.97795154213015","","","","","","","","","","",
"Low & middle income","LMY","Population living in areas where elevation is below 5 meters (% of total population)","EN.POP.EL5M.ZS","","","","","","","","","","","","","","","","","","","","","","","","","","","","","","","3.78301119157584","","","","","","","","","","3.90335791165403","","","","","","","","","","","","","","","4.03657166579429","","","","","","","","","","",
"Lesotho","LSO","Population living in areas where elevation is below 5 meters (% of total population)","EN.POP.EL5M.ZS","","","","","","","","","","","","","","","","","","","","","","","","","","","","","","","0","","","","","","","","","","0","","","","","","","","","","","","","","","0","","","","","","","","","","",
"Late-demographic dividend","LTE","Population living in areas where elevation is below 5 meters (% of total population)","EN.POP.EL5M.ZS","","","","","","","","","","","","","","","","","","","","","","","","","","","","","","","4.37350021071547","","","","","","","","","","4.85564300847667","","","","","","","","","","","","","","","5.65300929074207","","","","","","","","","","",
"Lithuania","LTU","Population living in areas where elevation is below 5 meters (% of total population)","EN.POP.EL5M.ZS","","","","","","","","","","","","","","","","","","","","","","","","","","","","","","","1.67385746170614","","","","","","","","","","1.5914306432421","","","","","","","","","","","","","","","1.54171360273301","","","","","","","","","","",
"Luxembourg","LUX","Population living in areas where elevation is below 5 meters (% of total population)","EN.POP.EL5M.ZS","","","","","","","","","","","","","","","","","","","","","","","","","","","","","","","0","","","","","","","","","","0","","","","","","","","","","","","","","","0","","","","","","","","","","",
"Latvia","LVA","Population living in areas where elevation is below 5 meters (% of total population)","EN.POP.EL5M.ZS","","","","","","","","","","","","","","","","","","","","","","","","","","","","","","","9.81640161618687","","","","","","","","","","9.90236145317554","","","","","","","","","","","","","","","10.2259175988653","","","","","","","","","","",
"Macao SAR, China","MAC","Population living in areas where elevation is below 5 meters (% of total population)","EN.POP.EL5M.ZS","","","","","","","","","","","","","","","","","","","","","","","","","","","","","","","14.2113501321268","","","","","","","","","","15.3576295683902","","","","","","","","","","","","","","","17.2292800165371","","","","","","","","","","",
"St. Martin (French part)","MAF","Population living in areas where elevation is below 5 meters (% of total population)","EN.POP.EL5M.ZS","","","","","","","","","","","","","","","","","","","","","","","","","","","","","","","34.5358528477774","","","","","","","","","","28.3466552768722","","","","","","","","","","","","","","","28.6791382228283","","","","","","","","","","",
"Morocco","MAR","Population living in areas where elevation is below 5 meters (% of total population)","EN.POP.EL5M.ZS","","","","","","","","","","","","","","","","","","","","","","","","","","","","","","","1.46295945935204","","","","","","","","","","1.41893591511251","","","","","","","","","","","","","","","1.44726242907171","","","","","","","","","","",
"Monaco","MCO","Population living in areas where elevation is below 5 meters (% of total population)","EN.POP.EL5M.ZS","","","","","","","","","","","","","","","","","","","","","","","","","","","","","","","7.97117703879667","","","","","","","","","","7.9479247747071","","","","","","","","","","","","","","","7.89918573895599","","","","","","","","","","",
"Moldova","MDA","Population living in areas where elevation is below 5 meters (% of total population)","EN.POP.EL5M.ZS","","","","","","","","","","","","","","","","","","","","","","","","","","","","","","","0","","","","","","","","","","0","","","","","","","","","","","","","","","0","","","","","","","","","","",
"Madagascar","MDG","Population living in areas where elevation is below 5 meters (% of total population)","EN.POP.EL5M.ZS","","","","","","","","","","","","","","","","","","","","","","","","","","","","","","","3.75428219198716","","","","","","","","","","4.20657567953668","","","","","","","","","","","","","","","4.29460833953867","","","","","","","","","","",
"Maldives","MDV","Population living in areas where elevation is below 5 meters (% of total population)","EN.POP.EL5M.ZS","","","","","","","","","","","","","","","","","","","","","","","","","","","","","","","55.7885771466346","","","","","","","","","","52.8949585709091","","","","","","","","","","","","","","","49.170829688905","","","","","","","","","","",
"Middle East, North Africa, Afghanistan & Pakistan","MEA","Population living in areas where elevation is below 5 meters (% of total population)","EN.POP.EL5M.ZS","","","","","","","","","","","","","","","","","","","","","","","","","","","","","","","3.71184713534093","","","","","","","","","","3.78539457640175","","","","","","","","","","","","","","","3.96982122787165","","","","","","","","","","",
"Mexico","MEX","Population living in areas where elevation is below 5 meters (% of total population)","EN.POP.EL5M.ZS","","","","","","","","","","","","","","","","","","","","","","","","","","","","","","","1.03118788916139","","","","","","","","","","1.04935913378185","","","","","","","","","","","","","","","1.05110878855813","","","","","","","","","","",
"Marshall Islands","MHL","Population living in areas where elevation is below 5 meters (% of total population)","EN.POP.EL5M.ZS","","","","","","","","","","","","","","","","","","","","","","","","","","","","","","","66.9951338268227","","","","","","","","","","68.1029407321608","","","","","","","","","","","","","","","67.9731196801868","","","","","","","","","","",
"Middle income","MIC","Population living in areas where elevation is below 5 meters (% of total population)","EN.POP.EL5M.ZS","","","","","","","","","","","","","","","","","","","","","","","","","","","","","","","3.97828209861522","","","","","","","","","","4.14229275521865","","","","","","","","","","","","","","","4.36060351356891","","","","","","","","","","",
"North Macedonia","MKD","Population living in areas where elevation is below 5 meters (% of total population)","EN.POP.EL5M.ZS","","","","","","","","","","","","","","","","","","","","","","","","","","","","","","","0","","","","","","","","","","0","","","","","","","","","","","","","","","0","","","","","","","","","","",
"Mali","MLI","Population living in areas where elevation is below 5 meters (% of total population)","EN.POP.EL5M.ZS","","","","","","","","","","","","","","","","","","","","","","","","","","","","","","","0","","","","","","","","","","0","","","","","","","","","","","","","","","0","","","","","","","","","","",
"Malta","MLT","Population living in areas where elevation is below 5 meters (% of total population)","EN.POP.EL5M.ZS","","","","","","","","","","","","","","","","","","","","","","","","","","","","","","","2.32860163592875","","","","","","","","","","2.15249987195325","","","","","","","","","","","","","","","2.3770445499738","","","","","","","","","","",
"Myanmar","MMR","Population living in areas where elevation is below 5 meters (% of total population)","EN.POP.EL5M.ZS","","","","","","","","","","","","","","","","","","","","","","","","","","","","","","","3.50033168610978","","","","","","","","","","5.45597781343285","","","","","","","","","","","","","","","6.81173845504917","","","","","","","","","","",
"Middle East, North Africa, Afghanistan & Pakistan (excluding high income)","MNA","Population living in areas where elevation is below 5 meters (% of total population)","EN.POP.EL5M.ZS","","","","","","","","","","","","","","","","","","","","","","","","","","","","","","","3.53202595447456","","","","","","","","","","3.57870000522863","","","","","","","","","","","","","","","3.63552374541269","","","","","","","","","","",
"Montenegro","MNE","Population living in areas where elevation is below 5 meters (% of total population)","EN.POP.EL5M.ZS","","","","","","","","","","","","","","","","","","","","","","","","","","","","","","","4.13700895256973","","","","","","","","","","4.29273830033248","","","","","","","","","","","","","","","4.40624625277759","","","","","","","","","","",
"Mongolia","MNG","Population living in areas where elevation is below 5 meters (% of total population)","EN.POP.EL5M.ZS","","","","","","","","","","","","","","","","","","","","","","","","","","","","","","","0","","","","","","","","","","0","","","","","","","","","","","","","","","0","","","","","","","","","","",
"Northern Mariana Islands","MNP","Population living in areas where elevation is below 5 meters (% of total population)","EN.POP.EL5M.ZS","","","","","","","","","","","","","","","","","","","","","","","","","","","","","","","6.27555775839263","","","","","","","","","","6.29486649922122","","","","","","","","","","","","","","","6.28043795872844","","","","","","","","","","",
"Mozambique","MOZ","Population living in areas where elevation is below 5 meters (% of total population)","EN.POP.EL5M.ZS","","","","","","","","","","","","","","","","","","","","","","","","","","","","","","","3.91631694396269","","","","","","","","","","3.32928857087804","","","","","","","","","","","","","","","2.79978954807574","","","","","","","","","","",
"Mauritania","MRT","Population living in areas where elevation is below 5 meters (% of total population)","EN.POP.EL5M.ZS","","","","","","","","","","","","","","","","","","","","","","","","","","","","","","","18.8745392285669","","","","","","","","","","19.2377012484577","","","","","","","","","","","","","","","21.0047730040337","","","","","","","","","","",
"Mauritius","MUS","Population living in areas where elevation is below 5 meters (% of total population)","EN.POP.EL5M.ZS","","","","","","","","","","","","","","","","","","","","","","","","","","","","","","","1.670540327053","","","","","","","","","","1.67726785287512","","","","","","","","","","","","","","","1.70500875904666","","","","","","","","","","",
"Malawi","MWI","Population living in areas where elevation is below 5 meters (% of total population)","EN.POP.EL5M.ZS","","","","","","","","","","","","","","","","","","","","","","","","","","","","","","","0","","","","","","","","","","0","","","","","","","","","","","","","","","0","","","","","","","","","","",
"Malaysia","MYS","Population living in areas where elevation is below 5 meters (% of total population)","EN.POP.EL5M.ZS","","","","","","","","","","","","","","","","","","","","","","","","","","","","","","","10.9072825836226","","","","","","","","","","10.6993977212336","","","","","","","","","","","","","","","10.125909006039","","","","","","","","","","",
"North America","NAC","Population living in areas where elevation is below 5 meters (% of total population)","EN.POP.EL5M.ZS","","","","","","","","","","","","","","","","","","","","","","","","","","","","","","","2.04405767677791","","","","","","","","","","2.05232329403916","","","","","","","","","","","","","","","1.92741400588349","","","","","","","","","","",
"Namibia","NAM","Population living in areas where elevation is below 5 meters (% of total population)","EN.POP.EL5M.ZS","","","","","","","","","","","","","","","","","","","","","","","","","","","","","","","0.123807743628288","","","","","","","","","","0.139838683492416","","","","","","","","","","","","","","","0.187784026474826","","","","","","","","","","",
"New Caledonia","NCL","Population living in areas where elevation is below 5 meters (% of total population)","EN.POP.EL5M.ZS","","","","","","","","","","","","","","","","","","","","","","","","","","","","","","","12.5800882070147","","","","","","","","","","12.1457519660375","","","","","","","","","","","","","","","10.8664539818011","","","","","","","","","","",
"Niger","NER","Population living in areas where elevation is below 5 meters (% of total population)","EN.POP.EL5M.ZS","","","","","","","","","","","","","","","","","","","","","","","","","","","","","","","0","","","","","","","","","","0","","","","","","","","","","","","","","","0","","","","","","","","","","",
"Nigeria","NGA","Population living in areas where elevation is below 5 meters (% of total population)","EN.POP.EL5M.ZS","","","","","","","","","","","","","","","","","","","","","","","","","","","","","","","3.41576133661807","","","","","","","","","","3.46436331009466","","","","","","","","","","","","","","","3.52576087697703","","","","","","","","","","",
"Nicaragua","NIC","Population living in areas where elevation is below 5 meters (% of total population)","EN.POP.EL5M.ZS","","","","","","","","","","","","","","","","","","","","","","","","","","","","","","","1.18259710692129","","","","","","","","","","1.407684273364","","","","","","","","","","","","","","","1.7969652670308","","","","","","","","","","",
"Netherlands","NLD","Population living in areas where elevation is below 5 meters (% of total population)","EN.POP.EL5M.ZS","","","","","","","","","","","","","","","","","","","","","","","","","","","","","","","51.2885856943455","","","","","","","","","","52.3888474631615","","","","","","","","","","","","","","","53.6880948779583","","","","","","","","","","",
"Norway","NOR","Population living in areas where elevation is below 5 meters (% of total population)","EN.POP.EL5M.ZS","","","","","","","","","","","","","","","","","","","","","","","","","","","","","","","8.04903919058191","","","","","","","","","","7.83648075231525","","","","","","","","","","","","","","","7.15075669196258","","","","","","","","","","",
"Nepal","NPL","Population living in areas where elevation is below 5 meters (% of total population)","EN.POP.EL5M.ZS","","","","","","","","","","","","","","","","","","","","","","","","","","","","","","","0","","","","","","","","","","0","","","","","","","","","","","","","","","0","","","","","","","","","","",
"Naoero","NRU","Population living in areas where elevation is below 5 meters (% of total population)","EN.POP.EL5M.ZS","","","","","","","","","","","","","","","","","","","","","","","","","","","","","","","18.1949237547393","","","","","","","","","","17.6828667432051","","","","","","","","","","","","","","","16.5568128235512","","","","","","","","","","",
"New Zealand","NZL","Population living in areas where elevation is below 5 meters (% of total population)","EN.POP.EL5M.ZS","","","","","","","","","","","","","","","","","","","","","","","","","","","","","","","3.5505156983825","","","","","","","","","","3.4264434599607","","","","","","","","","","","","","","","3.28780797652116","","","","","","","","","","",
"OECD members","OED","Population living in areas where elevation is below 5 meters (% of total population)","EN.POP.EL5M.ZS","","","","","","","","","","","","","","","","","","","","","","","","","","","","","","","4.15238312854407","","","","","","","","","","4.06701852236659","","","","","","","","","","","","","","","3.89604189310976","","","","","","","","","","",
"Oman","OMN","Population living in areas where elevation is below 5 meters (% of total population)","EN.POP.EL5M.ZS","","","","","","","","","","","","","","","","","","","","","","","","","","","","","","","6.45061934543782","","","","","","","","","","6.35677688797728","","","","","","","","","","","","","","","6.84452843415434","","","","","","","","","","",
"Other small states","OSS","Population living in areas where elevation is below 5 meters (% of total population)","EN.POP.EL5M.ZS","","","","","","","","","","","","","","","","","","","","","","","","","","","","","","","5.30619757653114","","","","","","","","","","5.73178105242921","","","","","","","","","","","","","","","6.10138644626284","","","","","","","","","","",
"Pakistan","PAK","Population living in areas where elevation is below 5 meters (% of total population)","EN.POP.EL5M.ZS","","","","","","","","","","","","","","","","","","","","","","","","","","","","","","","0.384627156862499","","","","","","","","","","0.42648668686581","","","","","","","","","","","","","","","0.448811415274458","","","","","","","","","","",
"Panama","PAN","Population living in areas where elevation is below 5 meters (% of total population)","EN.POP.EL5M.ZS","","","","","","","","","","","","","","","","","","","","","","","","","","","","","","","4.37967066795968","","","","","","","","","","5.30190363021345","","","","","","","","","","","","","","","6.00466167962404","","","","","","","","","","",
"Peru","PER","Population living in areas where elevation is below 5 meters (% of total population)","EN.POP.EL5M.ZS","","","","","","","","","","","","","","","","","","","","","","","","","","","","","","","0.656572454774282","","","","","","","","","","0.690499796925858","","","","","","","","","","","","","","","0.661118653974335","","","","","","","","","","",
"Philippines","PHL","Population living in areas where elevation is below 5 meters (% of total population)","EN.POP.EL5M.ZS","","","","","","","","","","","","","","","","","","","","","","","","","","","","","","","11.9368650484517","","","","","","","","","","11.0443673576104","","","","","","","","","","","","","","","10.5243953512241","","","","","","","","","","",
"Palau","PLW","Population living in areas where elevation is below 5 meters (% of total population)","EN.POP.EL5M.ZS","","","","","","","","","","","","","","","","","","","","","","","","","","","","","","","10.7883757048714","","","","","","","","","","11.5541957929653","","","","","","","","","","","","","","","12.2852393676251","","","","","","","","","","",
"Papua New Guinea","PNG","Population living in areas where elevation is below 5 meters (% of total population)","EN.POP.EL5M.ZS","","","","","","","","","","","","","","","","","","","","","","","","","","","","","","","10.5230717117822","","","","","","","","","","9.45040329723981","","","","","","","","","","","","","","","7.56072060559768","","","","","","","","","","",
"Poland","POL","Population living in areas where elevation is below 5 meters (% of total population)","EN.POP.EL5M.ZS","","","","","","","","","","","","","","","","","","","","","","","","","","","","","","","1.6679590646665","","","","","","","","","","1.62568491750361","","","","","","","","","","","","","","","1.58578229608631","","","","","","","","","","",
"Pre-demographic dividend","PRE","Population living in areas where elevation is below 5 meters (% of total population)","EN.POP.EL5M.ZS","","","","","","","","","","","","","","","","","","","","","","","","","","","","","","","2.04289467288156","","","","","","","","","","2.04300435141024","","","","","","","","","","","","","","","2.04890037643364","","","","","","","","","","",
"Puerto Rico (US)","PRI","Population living in areas where elevation is below 5 meters (% of total population)","EN.POP.EL5M.ZS","","","","","","","","","","","","","","","","","","","","","","","","","","","","","","","8.57567830655863","","","","","","","","","","8.37247515189689","","","","","","","","","","","","","","","8.05715862970199","","","","","","","","","","",
"Korea, Dem. People's Rep.","PRK","Population living in areas where elevation is below 5 meters (% of total population)","EN.POP.EL5M.ZS","","","","","","","","","","","","","","","","","","","","","","","","","","","","","","","4.69672550227314","","","","","","","","","","4.82245228470057","","","","","","","","","","","","","","","4.89204847762075","","","","","","","","","","",
"Portugal","PRT","Population living in areas where elevation is below 5 meters (% of total population)","EN.POP.EL5M.ZS","","","","","","","","","","","","","","","","","","","","","","","","","","","","","","","1.17624154891596","","","","","","","","","","1.22046815416165","","","","","","","","","","","","","","","1.28990060760989","","","","","","","","","","",
"Paraguay","PRY","Population living in areas where elevation is below 5 meters (% of total population)","EN.POP.EL5M.ZS","","","","","","","","","","","","","","","","","","","","","","","","","","","","","","","0","","","","","","","","","","0","","","","","","","","","","","","","","","0","","","","","","","","","","",
"West Bank and Gaza","PSE","Population living in areas where elevation is below 5 meters (% of total population)","EN.POP.EL5M.ZS","","","","","","","","","","","","","","","","","","","","","","","","","","","","","","","0.182460926184298","","","","","","","","","","0.189336805660695","","","","","","","","","","","","","","","0.205186452677128","","","","","","","","","","",
"Pacific island small states","PSS","Population living in areas where elevation is below 5 meters (% of total population)","EN.POP.EL5M.ZS","","","","","","","","","","","","","","","","","","","","","","","","","","","","","","","18.9409296868292","","","","","","","","","","18.8070829624795","","","","","","","","","","","","","","","18.4431426057048","","","","","","","","","","",
"Post-demographic dividend","PST","Population living in areas where elevation is below 5 meters (% of total population)","EN.POP.EL5M.ZS","","","","","","","","","","","","","","","","","","","","","","","","","","","","","","","4.46805169988551","","","","","","","","","","4.45659384295934","","","","","","","","","","","","","","","4.35545823007216","","","","","","","","","","",
"French Polynesia","PYF","Population living in areas where elevation is below 5 meters (% of total population)","EN.POP.EL5M.ZS","","","","","","","","","","","","","","","","","","","","","","","","","","","","","","","14.2998297537747","","","","","","","","","","14.170614736274","","","","","","","","","","","","","","","14.552412149152","","","","","","","","","","",
"Qatar","QAT","Population living in areas where elevation is below 5 meters (% of total population)","EN.POP.EL5M.ZS","","","","","","","","","","","","","","","","","","","","","","","","","","","","","","","7.12880686883557","","","","","","","","","","7.01170562818226","","","","","","","","","","","","","","","6.74901542925335","","","","","","","","","","",
"Romania","ROU","Population living in areas where elevation is below 5 meters (% of total population)","EN.POP.EL5M.ZS","","","","","","","","","","","","","","","","","","","","","","","","","","","","","","","0.37186962508587","","","","","","","","","","0.360164305073562","","","","","","","","","","","","","","","0.328334085786211","","","","","","","","","","",
"Russian Federation","RUS","Population living in areas where elevation is below 5 meters (% of total population)","EN.POP.EL5M.ZS","","","","","","","","","","","","","","","","","","","","","","","","","","","","","","","0.987493404095034","","","","","","","","","","0.976117004787255","","","","","","","","","","","","","","","0.963520751664424","","","","","","","","","","",
"Rwanda","RWA","Population living in areas where elevation is below 5 meters (% of total population)","EN.POP.EL5M.ZS","","","","","","","","","","","","","","","","","","","","","","","","","","","","","","","0","","","","","","","","","","0","","","","","","","","","","","","","","","0","","","","","","","","","","",
"South Asia","SAS","Population living in areas where elevation is below 5 meters (% of total population)","EN.POP.EL5M.ZS","","","","","","","","","","","","","","","","","","","","","","","","","","","","","","","2.88377247156347","","","","","","","","","","2.74670570969442","","","","","","","","","","","","","","","2.55894818781759","","","","","","","","","","",
"Saudi Arabia","SAU","Population living in areas where elevation is below 5 meters (% of total population)","EN.POP.EL5M.ZS","","","","","","","","","","","","","","","","","","","","","","","","","","","","","","","3.12771918127108","","","","","","","","","","3.14638041302903","","","","","","","","","","","","","","","3.20801656221606","","","","","","","","","","",
"Sudan","SDN","Population living in areas where elevation is below 5 meters (% of total population)","EN.POP.EL5M.ZS","","","","","","","","","","","","","","","","","","","","","","","","","","","","","","","0.370726547510271","","","","","","","","","","0.429776709988985","","","","","","","","","","","","","","","0.508642210659131","","","","","","","","","","",
"Senegal","SEN","Population living in areas where elevation is below 5 meters (% of total population)","EN.POP.EL5M.ZS","","","","","","","","","","","","","","","","","","","","","","","","","","","","","","","7.11600362278549","","","","","","","","","","7.19090473479795","","","","","","","","","","","","","","","7.02540265689155","","","","","","","","","","",
"Singapore","SGP","Population living in areas where elevation is below 5 meters (% of total population)","EN.POP.EL5M.ZS","","","","","","","","","","","","","","","","","","","","","","","","","","","","","","","0.582093818039231","","","","","","","","","","0.65719794446182","","","","","","","","","","","","","","","0.663277632041967","","","","","","","","","","",
"Solomon Islands","SLB","Population living in areas where elevation is below 5 meters (% of total population)","EN.POP.EL5M.ZS","","","","","","","","","","","","","","","","","","","","","","","","","","","","","","","17.1172795198996","","","","","","","","","","17.5329662150153","","","","","","","","","","","","","","","17.8637860466646","","","","","","","","","","",
"Sierra Leone","SLE","Population living in areas where elevation is below 5 meters (% of total population)","EN.POP.EL5M.ZS","","","","","","","","","","","","","","","","","","","","","","","","","","","","","","","3.86331312494406","","","","","","","","","","3.62629951758386","","","","","","","","","","","","","","","3.5364199304646","","","","","","","","","","",
"El Salvador","SLV","Population living in areas where elevation is below 5 meters (% of total population)","EN.POP.EL5M.ZS","","","","","","","","","","","","","","","","","","","","","","","","","","","","","","","0.87842052952356","","","","","","","","","","0.898204855497675","","","","","","","","","","","","","","","0.867601174074275","","","","","","","","","","",
"San Marino","SMR","Population living in areas where elevation is below 5 meters (% of total population)","EN.POP.EL5M.ZS","","","","","","","","","","","","","","","","","","","","","","","","","","","","","","","0","","","","","","","","","","0","","","","","","","","","","","","","","","0","","","","","","","","","","",
"Somalia, Fed. Rep.","SOM","Population living in areas where elevation is below 5 meters (% of total population)","EN.POP.EL5M.ZS","","","","","","","","","","","","","","","","","","","","","","","","","","","","","","","3.73651958234648","","","","","","","","","","3.63203834815618","","","","","","","","","","","","","","","3.51773871040259","","","","","","","","","","",
"Serbia","SRB","Population living in areas where elevation is below 5 meters (% of total population)","EN.POP.EL5M.ZS","","","","","","","","","","","","","","","","","","","","","","","","","","","","","","","0","","","","","","","","","","0","","","","","","","","","","","","","","","0","","","","","","","","","","",
"Sub-Saharan Africa (excluding high income)","SSA","Population living in areas where elevation is below 5 meters (% of total population)","EN.POP.EL5M.ZS","","","","","","","","","","","","","","","","","","","","","","","","","","","","","","","1.6459774679793","","","","","","","","","","1.64785843815295","","","","","","","","","","","","","","","1.66383775197283","","","","","","","","","","",
"South Sudan","SSD","Population living in areas where elevation is below 5 meters (% of total population)","EN.POP.EL5M.ZS","","","","","","","","","","","","","","","","","","","","","","","","","","","","","","","0","","","","","","","","","","0","","","","","","","","","","","","","","","0","","","","","","","","","","",
"Sub-Saharan Africa","SSF","Population living in areas where elevation is below 5 meters (% of total population)","EN.POP.EL5M.ZS","","","","","","","","","","","","","","","","","","","","","","","","","","","","","","","1.64968208657252","","","","","","","","","","1.65114377252813","","","","","","","","","","","","","","","1.66628289196511","","","","","","","","","","",
"Small states","SST","Population living in areas where elevation is below 5 meters (% of total population)","EN.POP.EL5M.ZS","","","","","","","","","","","","","","","","","","","","","","","","","","","","","","","13.1269851322327","","","","","","","","","","13.3591899244736","","","","","","","","","","","","","","","13.2461209008713","","","","","","","","","","",
"Sao Tome and Principe","STP","Population living in areas where elevation is below 5 meters (% of total population)","EN.POP.EL5M.ZS","","","","","","","","","","","","","","","","","","","","","","","","","","","","","","","1.92700583487961","","","","","","","","","","1.96843904394443","","","","","","","","","","","","","","","2.0292893287363","","","","","","","","","","",
"Suriname","SUR","Population living in areas where elevation is below 5 meters (% of total population)","EN.POP.EL5M.ZS","","","","","","","","","","","","","","","","","","","","","","","","","","","","","","","71.160875584336","","","","","","","","","","71.8342044241931","","","","","","","","","","","","","","","71.2830600989543","","","","","","","","","","",
"Slovak Republic","SVK","Population living in areas where elevation is below 5 meters (% of total population)","EN.POP.EL5M.ZS","","","","","","","","","","","","","","","","","","","","","","","","","","","","","","","0","","","","","","","","","","0","","","","","","","","","","","","","","","0","","","","","","","","","","",
"Slovenia","SVN","Population living in areas where elevation is below 5 meters (% of total population)","EN.POP.EL5M.ZS","","","","","","","","","","","","","","","","","","","","","","","","","","","","","","","1.09357459765957","","","","","","","","","","1.20236575698266","","","","","","","","","","","","","","","1.38309038211644","","","","","","","","","","",
"Sweden","SWE","Population living in areas where elevation is below 5 meters (% of total population)","EN.POP.EL5M.ZS","","","","","","","","","","","","","","","","","","","","","","","","","","","","","","","5.0934007082568","","","","","","","","","","5.11664136863839","","","","","","","","","","","","","","","5.12805059212315","","","","","","","","","","",
"Eswatini","SWZ","Population living in areas where elevation is below 5 meters (% of total population)","EN.POP.EL5M.ZS","","","","","","","","","","","","","","","","","","","","","","","","","","","","","","","0","","","","","","","","","","0","","","","","","","","","","","","","","","0","","","","","","","","","","",
"Sint Maarten (Dutch part)","SXM","Population living in areas where elevation is below 5 meters (% of total population)","EN.POP.EL5M.ZS","","","","","","","","","","","","","","","","","","","","","","","","","","","","","","","8.63182676132517","","","","","","","","","","8.72274763906079","","","","","","","","","","","","","","","8.05550980054621","","","","","","","","","","",
"Seychelles","SYC","Population living in areas where elevation is below 5 meters (% of total population)","EN.POP.EL5M.ZS","","","","","","","","","","","","","","","","","","","","","","","","","","","","","","","29.4160915844149","","","","","","","","","","29.2150413141236","","","","","","","","","","","","","","","28.4831756677336","","","","","","","","","","",
"Syrian Arab Republic","SYR","Population living in areas where elevation is below 5 meters (% of total population)","EN.POP.EL5M.ZS","","","","","","","","","","","","","","","","","","","","","","","","","","","","","","","0.509940564575615","","","","","","","","","","0.455388875713208","","","","","","","","","","","","","","","0.395647772609014","","","","","","","","","","",
"Turks and Caicos Islands","TCA","Population living in areas where elevation is below 5 meters (% of total population)","EN.POP.EL5M.ZS","","","","","","","","","","","","","","","","","","","","","","","","","","","","","","","31.3661658785354","","","","","","","","","","26.0250538974801","","","","","","","","","","","","","","","20.763636573626","","","","","","","","","","",
"Chad","TCD","Population living in areas where elevation is below 5 meters (% of total population)","EN.POP.EL5M.ZS","","","","","","","","","","","","","","","","","","","","","","","","","","","","","","","0","","","","","","","","","","0","","","","","","","","","","","","","","","0","","","","","","","","","","",
"East Asia & Pacific (IDA & IBRD countries)","TEA","Population living in areas where elevation is below 5 meters (% of total population)","EN.POP.EL5M.ZS","","","","","","","","","","","","","","","","","","","","","","","","","","","","","","","5.93395621070657","","","","","","","","","","6.47484886341365","","","","","","","","","","","","","","","7.36059706834708","","","","","","","","","","",
"Europe & Central Asia (IDA & IBRD countries)","TEC","Population living in areas where elevation is below 5 meters (% of total population)","EN.POP.EL5M.ZS","","","","","","","","","","","","","","","","","","","","","","","","","","","","","","","1.15942183103571","","","","","","","","","","1.16603918787195","","","","","","","","","","","","","","","1.16553268067862","","","","","","","","","","",
"Togo","TGO","Population living in areas where elevation is below 5 meters (% of total population)","EN.POP.EL5M.ZS","","","","","","","","","","","","","","","","","","","","","","","","","","","","","","","1.62992032082084","","","","","","","","","","1.44255062755692","","","","","","","","","","","","","","","1.13307317742222","","","","","","","","","","",
"Thailand","THA","Population living in areas where elevation is below 5 meters (% of total population)","EN.POP.EL5M.ZS","","","","","","","","","","","","","","","","","","","","","","","","","","","","","","","9.13923119795338","","","","","","","","","","11.8278253370471","","","","","","","","","","","","","","","17.4710387027152","","","","","","","","","","",
"Tajikistan","TJK","Population living in areas where elevation is below 5 meters (% of total population)","EN.POP.EL5M.ZS","","","","","","","","","","","","","","","","","","","","","","","","","","","","","","","0","","","","","","","","","","0","","","","","","","","","","","","","","","0","","","","","","","","","","",
"Turkmenistan","TKM","Population living in areas where elevation is below 5 meters (% of total population)","EN.POP.EL5M.ZS","","","","","","","","","","","","","","","","","","","","","","","","","","","","","","","0","","","","","","","","","","0","","","","","","","","","","","","","","","0","","","","","","","","","","",
"Latin America & the Caribbean (IDA & IBRD countries)","TLA","Population living in areas where elevation is below 5 meters (% of total population)","EN.POP.EL5M.ZS","","","","","","","","","","","","","","","","","","","","","","","","","","","","","","","2.03239979447554","","","","","","","","","","2.07451157417624","","","","","","","","","","","","","","","2.15528550282144","","","","","","","","","","",
"Timor-Leste","TLS","Population living in areas where elevation is below 5 meters (% of total population)","EN.POP.EL5M.ZS","","","","","","","","","","","","","","","","","","","","","","","","","","","","","","","3.16183710733995","","","","","","","","","","3.05714043254303","","","","","","","","","","","","","","","2.96618589653714","","","","","","","","","","",
"Middle East, North Africa, Afghanistan & Pakistan (IDA & IBRD)","TMN","Population living in areas where elevation is below 5 meters (% of total population)","EN.POP.EL5M.ZS","","","","","","","","","","","","","","","","","","","","","","","","","","","","","","","3.55046586498705","","","","","","","","","","3.60022822536129","","","","","","","","","","","","","","","3.65873442491847","","","","","","","","","","",
"Tonga","TON","Population living in areas where elevation is below 5 meters (% of total population)","EN.POP.EL5M.ZS","","","","","","","","","","","","","","","","","","","","","","","","","","","","","","","18.7316607777958","","","","","","","","","","18.2880169059631","","","","","","","","","","","","","","","17.4969274192684","","","","","","","","","","",
"South Asia (IDA & IBRD)","TSA","Population living in areas where elevation is below 5 meters (% of total population)","EN.POP.EL5M.ZS","","","","","","","","","","","","","","","","","","","","","","","","","","","","","","","2.88377247156347","","","","","","","","","","2.74670570969442","","","","","","","","","","","","","","","2.55894818781759","","","","","","","","","","",
"Sub-Saharan Africa (IDA & IBRD countries)","TSS","Population living in areas where elevation is below 5 meters (% of total population)","EN.POP.EL5M.ZS","","","","","","","","","","","","","","","","","","","","","","","","","","","","","","","1.64968208657252","","","","","","","","","","1.65114377252813","","","","","","","","","","","","","","","1.66628289196511","","","","","","","","","","",
"Trinidad and Tobago","TTO","Population living in areas where elevation is below 5 meters (% of total population)","EN.POP.EL5M.ZS","","","","","","","","","","","","","","","","","","","","","","","","","","","","","","","4.08783296479826","","","","","","","","","","4.04086632016083","","","","","","","","","","","","","","","4.01763777597218","","","","","","","","","","",
"Tunisia","TUN","Population living in areas where elevation is below 5 meters (% of total population)","EN.POP.EL5M.ZS","","","","","","","","","","","","","","","","","","","","","","","","","","","","","","","7.54048928607123","","","","","","","","","","8.05778492945834","","","","","","","","","","","","","","","8.94186702264794","","","","","","","","","","",
"Turkiye","TUR","Population living in areas where elevation is below 5 meters (% of total population)","EN.POP.EL5M.ZS","","","","","","","","","","","","","","","","","","","","","","","","","","","","","","","2.83511781929251","","","","","","","","","","2.69769585616406","","","","","","","","","","","","","","","2.58616013593939","","","","","","","","","","",
"Tuvalu","TUV","Population living in areas where elevation is below 5 meters (% of total population)","EN.POP.EL5M.ZS","","","","","","","","","","","","","","","","","","","","","","","","","","","","","","","37.6452195355033","","","","","","","","","","38.4293321557102","","","","","","","","","","","","","","","39.2678754952485","","","","","","","","","","",
"Tanzania","TZA","Population living in areas where elevation is below 5 meters (% of total population)","EN.POP.EL5M.ZS","","","","","","","","","","","","","","","","","","","","","","","","","","","","","","","0.43804310570913","","","","","","","","","","0.395552689231022","","","","","","","","","","","","","","","0.367999549136882","","","","","","","","","","",
"Uganda","UGA","Population living in areas where elevation is below 5 meters (% of total population)","EN.POP.EL5M.ZS","","","","","","","","","","","","","","","","","","","","","","","","","","","","","","","0","","","","","","","","","","0","","","","","","","","","","","","","","","0","","","","","","","","","","",
"Ukraine","UKR","Population living in areas where elevation is below 5 meters (% of total population)","EN.POP.EL5M.ZS","","","","","","","","","","","","","","","","","","","","","","","","","","","","","","","0.9983044202951","","","","","","","","","","1.0194080895018","","","","","","","","","","","","","","","1.06733382993239","","","","","","","","","","",
"Upper middle income","UMC","Population living in areas where elevation is below 5 meters (% of total population)","EN.POP.EL5M.ZS","","","","","","","","","","","","","","","","","","","","","","","","","","","","","","","4.62617085291767","","","","","","","","","","4.99731874175052","","","","","","","","","","","","","","","5.58151520281319","","","","","","","","","","",
"Uruguay","URY","Population living in areas where elevation is below 5 meters (% of total population)","EN.POP.EL5M.ZS","","","","","","","","","","","","","","","","","","","","","","","","","","","","","","","1.91269771278063","","","","","","","","","","2.04404989051191","","","","","","","","","","","","","","","2.20275964776308","","","","","","","","","","",
"United States","USA","Population living in areas where elevation is below 5 meters (% of total population)","EN.POP.EL5M.ZS","","","","","","","","","","","","","","","","","","","","","","","","","","","","","","","2.10139825647919","","","","","","","","","","2.11321774503653","","","","","","","","","","","","","","","1.98031592664396","","","","","","","","","","",
"Uzbekistan","UZB","Population living in areas where elevation is below 5 meters (% of total population)","EN.POP.EL5M.ZS","","","","","","","","","","","","","","","","","","","","","","","","","","","","","","","0","","","","","","","","","","0","","","","","","","","","","","","","","","0","","","","","","","","","","",
"St. Vincent and the Grenadines","VCT","Population living in areas where elevation is below 5 meters (% of total population)","EN.POP.EL5M.ZS","","","","","","","","","","","","","","","","","","","","","","","","","","","","","","","4.83264753482738","","","","","","","","","","4.85732433452375","","","","","","","","","","","","","","","5.10753350952373","","","","","","","","","","",
"Venezuela, RB","VEN","Population living in areas where elevation is below 5 meters (% of total population)","EN.POP.EL5M.ZS","","","","","","","","","","","","","","","","","","","","","","","","","","","","","","","3.80054095361498","","","","","","","","","","3.8272582897462","","","","","","","","","","","","","","","4.06639772093371","","","","","","","","","","",
"British Virgin Islands","VGB","Population living in areas where elevation is below 5 meters (% of total population)","EN.POP.EL5M.ZS","","","","","","","","","","","","","","","","","","","","","","","","","","","","","","","13.9984168305137","","","","","","","","","","13.4293114060262","","","","","","","","","","","","","","","12.7317122495667","","","","","","","","","","",
"Virgin Islands (U.S.)","VIR","Population living in areas where elevation is below 5 meters (% of total population)","EN.POP.EL5M.ZS","","","","","","","","","","","","","","","","","","","","","","","","","","","","","","","4.74464434858013","","","","","","","","","","4.58590473232085","","","","","","","","","","","","","","","4.65496559084809","","","","","","","","","","",
"Viet Nam","VNM","Population living in areas where elevation is below 5 meters (% of total population)","EN.POP.EL5M.ZS","","","","","","","","","","","","","","","","","","","","","","","","","","","","","","","30.3569859754536","","","","","","","","","","30.8167662069999","","","","","","","","","","","","","","","29.6698131367696","","","","","","","","","","",
"Vanuatu","VUT","Population living in areas where elevation is below 5 meters (% of total population)","EN.POP.EL5M.ZS","","","","","","","","","","","","","","","","","","","","","","","","","","","","","","","10.0981857467371","","","","","","","","","","10.1490084034919","","","","","","","","","","","","","","","10.1121351183602","","","","","","","","","","",
"World","WLD","Population living in areas where elevation is below 5 meters (% of total population)","EN.POP.EL5M.ZS","","","","","","","","","","","","","","","","","","","","","","","","","","","","","","","3.86117722256345","","","","","","","","","","3.95443937377374","","","","","","","","","","","","","","","4.05930650536427","","","","","","","","","","",
"Samoa","WSM","Population living in areas where elevation is below 5 meters (% of total population)","EN.POP.EL5M.ZS","","","","","","","","","","","","","","","","","","","","","","","","","","","","","","","9.76097424517728","","","","","","","","","","9.91466345858305","","","","","","","","","","","","","","","8.80347809135576","","","","","","","","","","",
"Kosovo","XKX","Population living in areas where elevation is below 5 meters (% of total population)","EN.POP.EL5M.ZS","","","","","","","","","","","","","","","","","","","","","","","","","","","","","","","","","","","","","","","","","","","","","","","","","","","","","","","","","","","","","","","","","","",
"Yemen, Rep.","YEM","Population living in areas where elevation is below 5 meters (% of total population)","EN.POP.EL5M.ZS","","","","","","","","","","","","","","","","","","","","","","","","","","","","","","","1.72490144164004","","","","","","","","","","1.47184730209951","","","","","","","","","","","","","","","1.58086369450412","","","","","","","","","","",
"South Africa","ZAF","Population living in areas where elevation is below 5 meters (% of total population)","EN.POP.EL5M.ZS","","","","","","","","","","","","","","","","","","","","","","","","","","","","","","","0.182984485526485","","","","","","","","","","0.188558077652597","","","","","","","","","","","","","","","0.199446537696018","","","","","","","","","","",
"Zambia","ZMB","Population living in areas where elevation is below 5 meters (% of total population)","EN.POP.EL5M.ZS","","","","","","","","","","","","","","","","","","","","","","","","","","","","","","","0","","","","","","","","","","0","","","","","","","","","","","","","","","0","","","","","","","","","","",
"Zimbabwe","ZWE","Population living in areas where elevation is below 5 meters (% of total population)","EN.POP.EL5M.ZS","","","","","","","","","","","","","","","","","","","","","","","","","","","","","","","0","","","","","","","","","","0","","","","","","","","","","","","","","","0","","","","","","","","","","",
