Data Source,World Development Indicators,,,,,,,,,,,,,,,,,,,,,,,,,,,,,,,,,,,,,,,,,,,,,,,,,,,,,,,,,,,,,,,,,,,,
,,,,,,,,,,,,,,,,,,,,,,,,,,,,,,,,,,,,,,,,,,,,,,,,,,,,,,,,,,,,,,,,,,,,,
Last Updated Date,7/13/2026,,,,,,,,,,,,,,,,,,,,,,,,,,,,,,,,,,,,,,,,,,,,,,,,,,,,,,,,,,,,,,,,,,,,
,,,,,,,,,,,,,,,,,,,,,,,,,,,,,,,,,,,,,,,,,,,,,,,,,,,,,,,,,,,,,,,,,,,,,
Country Name,Country Code,Indicator Name,Indicator Code,1960,1961,1962,1963,1964,1965,1966,1967,1968,1969,1970,1971,1972,1973,1974,1975,1976,1977,1978,1979,1980,1981,1982,1983,1984,1985,1986,1987,1988,1989,1990,1991,1992,1993,1994,1995,1996,1997,1998,1999,2000,2001,2002,2003,2004,2005,2006,2007,2008,2009,2010,2011,2012,2013,2014,2015,2016,2017,2018,2019,2020,2021,2022,2023,2024,2025
Afghanistan,AFG,Individuals using the Internet (% of population),IT.NET.USER.ZS,,,,,,,,,,,,,,,,,,,,,,,,,,,,,,,0,,,,,,,,,,,0.004722568,0.004561395,0.087891253,0.10580903,1.224148084,2.107123645,1.899999976,1.84,3.55,4,5,5.454500198,5.900000095,7,8.260000229,11,13.5,16.79999924,17.60000038,17.04850006,16.51429939,15.86629963,15.92840004,16.09499931,
Africa Eastern and Southern,AFE,Individuals using the Internet (% of population),IT.NET.USER.ZS,,,,,,,,,,,,,,,,,,,,,,,,,,,,,,,,,,,,,,,,,,,,,,1.8,1.9,2.7,3,3.5,5.3,6.8,8.4,10,12.1,14.3,16.3,17.3,19.6,21.6,23.5,25,26.8,27.8,28.8,30.4
Africa Western and Central,AFW,Individuals using the Internet (% of population),IT.NET.USER.ZS,,,,,,,,,,,,,,,,,,,,,,,,,,,,,,,,,,,,,,,,,,,,,,2.3,3.4,4.3,5,5.8,7.3,8.7,10.3,12.6,15,18.6,20.9,23.8,25.7,28.5,31.5,34.7,37.5,38.5,40,42.4
Albania,ALB,Individuals using the Internet (% of population),IT.NET.USER.ZS,,,,,,,,,,,,,,,,,,,,,,,,,,,,,,,0,,,,,0.0112,0.0322,0.0486,0.065,0.0814,0.114097347,0.325798377,0.390081273,0.971900415,2.420387798,6.043890864,9.609999657,15.03610039,23.86,41.2,45,47,49.40000153,51.79999924,54.29999924,56.90000153,59.59999847,62.40000153,65.40000153,68.55039112,72.23767711,79.32371752,82.61367544,83.13559161,85.86389923,
Algeria,DZA,Individuals using the Internet (% of population),IT.NET.USER.ZS,,,,,,,,,,,,,,,,,,,,,,,,,,,,,,,0,,,,0.000361,0.00177,0.00174,0.0103,0.0202,0.2,0.491705679,0.646114017,1.59164126,2.195359731,4.634475088,5.843900204,7.375984956,9.451190626,10.18,11.23,12.5,14.89999962,18.20000076,22.5,29.5,38.20000076,42.94549942,47.69110107,49.03846808,55.79069901,63.47269821,72.21240234,74.78150177,76.19760132,77.4178009,
American Samoa,ASM,Individuals using the Internet (% of population),IT.NET.USER.ZS,,,,,,,,,,,,,,,,,,,,,,,,,,,,,,,0,,,,,,,,,,,,,,,,,,,,,,,,,,,,,,,,,,,
Andorra,AND,Individuals using the Internet (% of population),IT.NET.USER.ZS,,,,,,,,,,,,,,,,,,,,,,,,,,,,,,,0,,,,,,1.53,3.05,6.89,7.64,10.53883561,,11.26046872,13.54641288,26.83795439,37.60576622,48.936847,70.87,70.04,78.53,81,81,82.69999695,84.40000153,86.09999847,87.90000153,89.69999695,91.56746703,93.5,90.71869659,93.20570374,93.89749908,94.05169678,94.21499634,94.39759827,
Angola,AGO,Individuals using the Internet (% of population),IT.NET.USER.ZS,,,,,,,,,,,,,,,,,,,,,,,,,,,,,,,0,,,,,,0.000776,0.00567,0.0185,0.072,0.105045562,0.136013867,0.270376746,0.370682065,0.464814618,1.143399954,1.5,1.700000048,1.899999976,2.299999952,2.799999952,4.699999809,7.699999809,13,21.36234076,22,23.20000076,26,29,32.12939835,33.32089996,34.55649948,35.83800125,37.88589859,40.70479965,
Antigua and Barbuda,ATG,Individuals using the Internet (% of population),IT.NET.USER.ZS,,,,,,,,,,,,,,,,,,,,,,,,,,,,,,,0,,,,,2.2,2.86,3.48,4.07,5.3,6.482225737,8.899285515,12.5,17.22864878,24.26654372,27,30,34,38,42,47,52,58,63.40000153,67.77999878,70,70.27159882,70.54419708,70.81790161,71.09259796,71.36840057,71.64530182,71.9233017,72.12409973,72.73040009,
Arab World,ARB,Individuals using the Internet (% of population),IT.NET.USER.ZS,,,,,,,,,,,,,,,,,,,,,,,,,,,,,,,,,,,,,,,,,,,,,,,,,,,,,,,,,,,,,,,,,,
Argentina,ARG,Individuals using the Internet (% of population),IT.NET.USER.ZS,,,,,,,,,,,,,,,,,,,,,,,,,,,,,,,0,,0.00299,0.0295,0.0437,0.0863,0.142,0.28,0.831,3.28,7.038683086,9.780807285,10.88212438,11.91369655,16.03668411,17.72058337,20.9272021,25.94663294,28.11262348,34,45,51,55.79999924,59.90000153,64.69999695,68.04306411,70.96898082,74.29490687,77.7,79.94695203,85.51438646,87.15070683,88.37535691,89.22897166,89.66715228,
Armenia,ARM,Individuals using the Internet (% of population),IT.NET.USER.ZS,,,,,,,,,,,,,,,,,,,,,,,,,,,,,,,0,,,,0.00912,0.0527,0.0946,0.112,0.129,0.971,1.300470022,1.631094667,1.960405046,4.575217225,4.899008571,5.252999783,5.631800175,6.021299839,6.21,15.30000019,25,32,37.5,41.9,54.62280586,59.10083377,64.34602977,64.74488433,68.24505226,66.54394969,76.50770055,78.61225758,77.02767465,79.99663036,81.33930206,
Aruba,ABW,Individuals using the Internet (% of population),IT.NET.USER.ZS,,,,,,,,,,,,,,,,,,,,,,,,,,,,,,,0,,,,,,2.77,,,4.51,15.44282295,17.1,18.8,20.8,23,25.4,28,30.9,52,58,62,69,74,78.9,83.78,88.66122693,93.54245387,97.17,,,,,,,,
Australia,AUS,Individuals using the Internet (% of population),IT.NET.USER.ZS,,,,,,,,,,,,,,,,,,,,,,,,,,,,,,,0.585,1.1,1.77,1.97,2.23,2.76,3.28,16.4,30.8,40.8,46.75611561,52.68926643,,,,63,66,69.45,71.67,74.25,76,79.48769771,79,83.45349717,84,84.56051491,86.54000092,86.54504885,90.0082016,93.60990143,94.6934967,96.97219849,96.11940002,96.1160965,96.13140106,
Austria,AUT,Individuals using the Internet (% of population),IT.NET.USER.ZS,,,,,,,,,,,,,,,,,,,,,,,,,,,,,,,0.13,0.259,0.643,0.765,1.39,1.89,6.91,9.53,15.4,23,33.73013295,39.18545018,36.56,42.7,54.28,58,63.6,69.37,72.87,73.45,75.17,78.7399931,80.02999392,80.6188,80.99582496,83.94014193,84.32374257,87.93558659,87.47913723,87.75220479,87.52942813,92.52915104,93.61409139,95.33467117,94.91974877,91.92573373
Azerbaijan,AZE,Individuals using the Internet (% of population),IT.NET.USER.ZS,,,,,,,,,,,,,,,,,,,,,,,,,,,,,,,0,,,,0.00143,0.00206,0.00635,0.0252,0.0375,0.0992,0.147757576,0.305564638,4.999713678,,,8.030400276,11.9921999,14.53999996,17.08,27.4,46,50,54.20000076,73.00000137,75.00001564,77,78.2,79,79.79999549,81.09999907,84.59999573,85.99998954,88,89,90.43979645,90.80000181
"Bahamas, The",BHS,Individuals using the Internet (% of population),IT.NET.USER.ZS,,,,,,,,,,,,,,,,,,,,,,,,,,,,,,,0,,,,,0.96,1.75,1.36,2.34,3.76,8,11.8,18,20,22,25,26,27,31.54,33.88,43,65,71.74819946,72,76.91999817,78,80,80.59999847,83,90.69329834,92.4437027,92.34980011,92.2559967,92.38729858,92.47270203,
Bahrain,BHR,Individuals using the Internet (% of population),IT.NET.USER.ZS,,,,,,,,,,,,,,,,,,,,,,,,,,,,,,,0,,,,,0.346,0.843,1.65,3.22,4.72,6.153732546,15.03863425,18.05072089,21.55494499,21.45868051,21.30369949,28.24399948,32.91,51.95,53,55,76.9999665,88,90.0000397,90.50313348,93.4783008,97.9999807,95.87813575,98.64467258,99.70150438,99.67103159,100,100,100,100,
Bangladesh,BGD,Individuals using the Internet (% of population),IT.NET.USER.ZS,,,,,,,,,,,,,,,,,,,,,,,,,,,,,,,0,,,,,,,0.000751,0.00368,0.0362,0.071039423,0.129807974,0.139920289,0.163877665,0.199036334,0.241600007,1,1.799999952,2.5,3.099999905,3.700000048,4.5,5,6.63,9.052900314,12.36880016,16.89909935,21.5,25.56509972,30.38310051,36.10910034,38.91744466,41.61650085,44.50274195,53.42171316,
Barbados,BRB,Individuals using the Internet (% of population),IT.NET.USER.ZS,,,,,,,,,,,,,,,,,,,,,,,,,,,,,,,0,,,,,0.00775,0.389,0.783,1.97,2.38,3.973678355,11.93645034,27.83632242,39.68962712,49.8,52.5,55.29999924,58.20000076,61.40000153,64.69999695,65.09999847,66.5,71.19999695,71.80000305,71.92459869,72.04940033,71.57299805,71.14849854,70.72650146,70.30709839,69.89009857,69.4756012,69.06359863,69.67510223,70.36470032,
Belarus,BLR,Individuals using the Internet (% of population),IT.NET.USER.ZS,,,,,,,,,,,,,,,,,,,,,,,,,,,,,,,0,,,,0.000486,0.00292,0.0293,0.049,0.0739,0.495,1.860398126,4.300616022,8.950971315,,,,16.2,19.7,23,27.43,31.8,39.64889566,46.91,54.17,59.01631871,62.23036091,71.11304576,74.43644541,79.12988669,82.78915209,85.08791245,86.88841196,89.50733148,91.51249979,94.26182128,
Belgium,BEL,Individuals using the Internet (% of population),IT.NET.USER.ZS,,,,,,,,,,,,,,,,,,,,,,,,,,,,,,,0.00101,0.0201,0.1,0.199,0.696,0.992,2.97,4.94,7.89,13.8,29.43169169,31.28839551,46.33,49.97,53.86,55.81999969,61.98187002,66.76042024,68.85732214,74.54414555,77.63978551,81.609996,80.71999055,82.1702,85.00123795,85.05294175,86.51647666,87.67968082,88.647343,90.27542801,91.52641629,92.78867618,94.00783071,94.62625074,95.77579144,
Belize,BLZ,Individuals using the Internet (% of population),IT.NET.USER.ZS,,,,,,,,,,,,,,,,,,,,,,,,,,,,,,,0,,,,,0.0454,0.883,1.29,2.09,4.08,5.963835303,,5.684251214,,9.8,17,24,24.60000038,26.29999924,27.20000076,28.2,30.70000076,31,33.59999847,38.70000076,41.59000015,44.57569885,48.8771019,53.59360123,58.76520157,64.43589783,70.65370178,69.98329926,70.18720245,80.00582262,
Benin,BEN,Individuals using the Internet (% of population),IT.NET.USER.ZS,,,,,,,,,,,,,,,,,,,,,,,,,,,,,,,0,,,,,,0.00169,0.0246,0.0479,0.155,0.225247851,0.36341789,0.702945595,0.951327115,1.182540965,1.271000028,1.537899971,1.79,1.85,2.24,3.13,4.148323066,4.5,4.900000095,6,11.25500011,14.5,18.7,19,20.50099945,22.12059975,28.20470047,30.53730011,32.39400101,33.98379898,
Bermuda,BMU,Individuals using the Internet (% of population),IT.NET.USER.ZS,,,,,,,,,,,,,,,,,,,,,,,,,,,,,,,0,,,,,6.84,16.2,24.2,32.1,39.9,42.94986002,47.5096999,52.03159737,56.52201218,60.99086701,65.44706579,69.89965516,74.35059403,82.3,83.25,84.21,88.336,91.29930452,95.3,96.8,98.32360965,98,98.37,,,,,,,,
Bhutan,BTN,Individuals using the Internet (% of population),IT.NET.USER.ZS,,,,,,,,,,,,,,,,,,,,,,,,,,,,,,,0,,,,,,,,,0.138,0.400944447,0.864628564,1.675802584,2.436912399,3.156984196,3.847100019,4.518300056,5.92,6.55,7.17,13.6,14.39999962,15.60000038,22.39999962,30.29999924,39.79999924,46.50320053,54.33549881,63.48680115,74.17939758,76.85079956,85.63688389,88.35620117,90.02140045,91.27739716,
Bolivia,BOL,Individuals using the Internet (% of population),IT.NET.USER.ZS,,,,,,,,,,,,,,,,,,,,,,,,,,,,,,,0,,,,,0.0668,0.196,0.448,0.626,0.982,1.442763585,2.120462534,3.117192947,3.508596401,4.439924601,5.227583957,6.200671255,10.49919987,12.5,16.79999924,22.39999962,30,35.34,36.99,34.60162023,37.48681763,39.69749832,43.83229828,44.2861422,47.47481911,59.94010155,65.9773785,72.62270355,77.30039978,79.70469666,
Bosnia and Herzegovina,BIH,Individuals using the Internet (% of population),IT.NET.USER.ZS,,,,,,,,,,,,,,,,,,,,,,,,,,,,,,,0,,,,,,0.0151,0.0594,0.144,0.194,1.08296075,1.200526951,2.648267914,3.965036834,15.46897162,21.326701,25.12238569,27.92,34.66,37.74,42.75,43.88769913,45.0644989,48.52130127,49.91770172,52.59999847,60.25653543,64.89202051,70.12013504,69.94634763,73.21175294,75.67620138,78.8455371,83.3771539,86.10091103,
Botswana,BWA,Individuals using the Internet (% of population),IT.NET.USER.ZS,,,,,,,,,,,,,,,,,,,,,,,,,,,,,,,0,0,,,,0.0645,0.157,0.308,0.602,1.12,2.902666622,3.430886787,3.385922351,3.345190174,3.304889253,3.262599945,4.289932975,5.28,6.25,6.150000095,6,9,16,30,36.74474744,38.89379883,41.16859818,43.57640076,46.12509918,48.82279968,51.67819977,54.70069885,57.9,,57.45950036,
Brazil,BRA,Individuals using the Internet (% of population),IT.NET.USER.ZS,,,,,,,,,,,,,,,,,,,,,,,,,,,,,,,0,0.00329,0.0129,0.0255,0.0377,0.105,0.451,0.786,1.48,2.04,2.870685159,4.528494869,9.149425086,13.2075861,19.07367227,21.02274725,28.17840004,30.87999916,33.83,39.22,40.65,45.69,48.56,51.04,54.55100188,58.32795173,60.87254007,67.47128452,70.43428254,73.91243991,81.34269353,80.68989314,80.52775094,84.15060238,84.46347227,
British Virgin Islands,VGB,Individuals using the Internet (% of population),IT.NET.USER.ZS,,,,,,,,,,,,,,,,,,,,,,,,,,,,,,,0,,,,,,,,,,,,18.88574127,,,,,,,36,37,37.4,37.6,,,,77.70142968,77.70426829,,,,,,,,
Brunei Darussalam,BRN,Individuals using the Internet (% of population),IT.NET.USER.ZS,,,,,,,,,,,,,,,,,,,,,,,,,,,,,,,0,,,,,1.02,3.3,4.83,6.28,7.67,8.996284534,12.91776908,15.32987986,19.59500322,29.71560414,36.46639195,42.18634916,44.68,46,49,53,56,60.27310181,64.5,68.76999664,71.19999695,90,94.86669922,95,95,96.30549622,97.62879944,98.97042579,98.97039795,96.29828801,
Bulgaria,BGR,Individuals using the Internet (% of population),IT.NET.USER.ZS,,,,,,,,,,,,,,,,,,,,,,,,,,,,,,,0,,,0.00234,0.0195,0.12,0.725,1.22,1.84,2.91,5.370923469,7.612297749,9.08,12.04,18.13,19.97,27.09,33.64,39.67,45,46.23,47.97999305,51.89998767,53.0615,55.49037663,56.65625161,59.82554766,63.41010138,64.78201069,67.94698094,70.16248359,75.27144583,79.12686326,80.38956462,82.438955,
Burkina Faso,BFA,Individuals using the Internet (% of population),IT.NET.USER.ZS,,,,,,,,,,,,,,,,,,,,,,,,,,,,,,,0,,,,,,0.000961,0.0187,0.0454,0.0618,0.077080169,0.157732465,0.200992598,0.373440303,0.400295285,0.469900012,0.632700026,0.75,0.920000017,1.129999995,2.400000095,3,3.724999905,5,6,6.545700073,7.140999794,7.790400028,8.498900414,9.27180601,12.97319984,18.1522007,25.3987999,25.36120033,28.25270081,
Burundi,BDI,Individuals using the Internet (% of population),IT.NET.USER.ZS,,,,,,,,,,,,,,,,,,,,,,,,,,,,,,,0,0,0,0,0,0,0.000804,0.00798,0.0158,0.0392,0.077248447,0.106001245,0.118228412,0.201273197,0.349060462,0.542100012,0.657599986,0.7,0.81,0.899999976,1,1.110000014,1.220000029,1.264218111,1.042392126,2,2.200000048,2.660748535,4.019499779,6.072199821,6.430099964,6.777999878,7.144800186,7.172299862,8.595999718,
Cabo Verde,CPV,Individuals using the Internet (% of population),IT.NET.USER.ZS,,,,,,,,,,,,,,,,,,,,,,,,,,,,,,,0,,,,,,,0.241,0.473,1.16,1.822443852,2.685332713,3.518757175,4.324885391,5.31883207,6.074087107,6.808911008,8.28321982,14,21,30,32,34.74,37.5,40.25999832,42.68301416,50.32281787,57.16214635,59.5,61.94339776,69.37339783,70.28250122,73.32740021,74.59919739,74.73519897,
Cambodia,KHM,Individuals using the Internet (% of population),IT.NET.USER.ZS,,,,,,,,,,,,,,,,,,,,,,,,,,,,,,,0,,,,,,,0.00584,0.0163,0.032,0.04702264,0.076956056,0.226983238,0.260570198,0.300436644,0.317321781,0.468400002,0.49,0.51,0.53,1.26,3.099999905,4.94,6,14,6.43319107,32.39845171,32.90027854,65,52.30587822,56.37590027,60.76269913,65.49079895,68.92549896,68.47530365,
Cameroon,CMR,Individuals using the Internet (% of population),IT.NET.USER.ZS,,,,,,,,,,,,,,,,,,,,,,,,,,,,,,,0,,,,,,,0.00677,0.0132,0.129,0.252120078,0.277051322,0.360871584,0.587622611,0.976075415,1.402699947,2.028700113,2.93,3.400000095,3.84,4.300000191,5,7.5,10,16.21487223,18.29999924,20.60000038,23.20297197,29.70000076,36.53919983,37.69749832,38.89260101,40.12559891,42.24380112,46.25880051,
Canada,CAN,Individuals using the Internet (% of population),IT.NET.USER.ZS,,,,,,,,,,,,,,,,,,,,,,,,,,,,,,,0.361,0.57,0.916,1.18,2.38,4.16,6.76,15.1,24.9,36.2,51.3,60.2,61.59329927,64.2,65.95596346,71.66,72.40000153,73.2,76.69999695,80.3,80.3,83,83,85.80000305,87.12000275,90,91.16000366,92.70140076,94.64,91.91290283,92.3,93.93710327,94,94.14530182,94.353302,
Caribbean small states,CSS,Individuals using the Internet (% of population),IT.NET.USER.ZS,,,,,,,,,,,,,,,,,,,,,,,,,,,,,,,,,,,,,,,,,,,,,,,,,,,,,,,,,,,,,,,,,,
Cayman Islands,CYM,Individuals using the Internet (% of population),IT.NET.USER.ZS,,,,,,,,,,,,,,,,,,,,,,,,,,,,,,,0,,,0,0,3.95,,,,,,,,,,38.03438308,44.5,52,61,64.5,66,69.46594499,69.7,71.4,74.1,77,79,81.06769325,,,,,,,,
Central African Republic,CAF,Individuals using the Internet (% of population),IT.NET.USER.ZS,,,,,,,,,,,,,,,,,,,,,,,,,,,,,,,0,,,,,,0.00585,0.0143,0.0279,0.0409,0.053394174,0.078543428,0.128537117,0.151563338,0.223401395,0.26820001,0.311199993,0.375815961,1,1.799999952,2,2.200000048,2.400000095,2.5,2.700000048,2.900000095,3.099999905,4,5.099999905,7.509200096,,,13.75360012,13.8416996,13.78250027,
Central Europe and the Baltics,CEB,Individuals using the Internet (% of population),IT.NET.USER.ZS,,,,,,,,,,,,,,,,,,,,,,,,,,,,,,,,,,,,,,,,,,,,,,,,,,,,,,,,,,,,,,,,,,
Chad,TCD,Individuals using the Internet (% of population),IT.NET.USER.ZS,,,,,,,,,,,,,,,,,,,,,,,,,,,,,,,0,,,,,,,0.000658,0.00427,0.0123,0.035707076,0.045934134,0.166069665,0.320308555,0.360920107,0.3992577,0.581045764,0.847224521,1.19,1.5,1.700000048,1.899999976,2.099999905,2.5,2.900000095,3.5,5.800000191,6.351900101,6.956299782,7.618199825,8.343099594,9.653699875,11.17029953,12.03590012,12.62689972,
Channel Islands,CHI,Individuals using the Internet (% of population),IT.NET.USER.ZS,,,,,,,,,,,,,,,,,,,,,,,,,,,,,,,,,,,,,,,,,,,,,,,,,,,,,,,,,,,,,,,,,,
Chile,CHL,Individuals using the Internet (% of population),IT.NET.USER.ZS,,,,,,,,,,,,,,,,,,,,,,,,,,,,,,,0,,0.0365,0.0718,0.141,0.347,0.683,1.06,1.66,4.1,16.6,19.1,22.1,25.47377889,28.17791012,31.1753006,34.49775117,35.90000153,37.29999924,41.56,45,52.24960729,55.04999924,58,61.11000061,76.62959195,83.55858602,82.32748693,84.90000153,85.01760101,87.45929718,90.23280334,92.31819916,94.45742345,95.590243,
China,CHN,Individuals using the Internet (% of population),IT.NET.USER.ZS,,,,,,,,,,,,,,,,,,,,,,,,,,,,,,,0,,,0.000169,0.00117,0.00495,0.0131,0.0324,0.169,0.708,1.775913207,2.639650215,4.595704331,6.2,7.3,8.523257003,10.52315262,16,22.6,28.9,34.3,38.3,42.30009842,45.79999924,47.90000153,50.29999924,53.2,54.3,65.35839844,64.0808813,70.05275998,73.05323517,75.61131603,90.6,92,91.6
Colombia,COL,Individuals using the Internet (% of population),IT.NET.USER.ZS,,,,,,,,,,,,,,,,,,,,,,,,,,,,,,,0,,,,0.107,0.188,0.33,0.551,1.13,1.7,2.207532993,2.854199971,4.6,7.388923711,9.118690303,11.00726389,15.34167454,21.79999924,25.6,30,36.5,40.35091575,48.98,51.7,52.56813654,55.90497251,58.13649357,62.25988032,64.12637682,65.00690072,69.79533474,73.02837449,72.79637855,77.33686322,79.34543299,
Comoros,COM,Individuals using the Internet (% of population),IT.NET.USER.ZS,,,,,,,,,,,,,,,,,,,,,,,,,,,,,,,0,,,,,,,0,0.0379,0.148,0.271740607,0.443068373,0.554869675,0.84818937,1.327327178,2,2.200000048,2.5,3,3.5,5.099999905,5.5,5.975299835,6.5,6.980000019,7.459199905,7.938300133,8.478199959,,16.38380051,22.42040062,30.68120003,31.37409973,31.92749977,32.51750183,
"Congo, Dem. Rep.",COD,Individuals using the Internet (% of population),IT.NET.USER.ZS,,,,,,,,,,,,,,,,,,,,,,,,,,,,,,,0,,,,,,0.000108,0.000211,0.000413,0.00101,0.005902114,0.011475782,0.092790702,0.134914837,0.196208375,0.238000005,0.296099991,0.370000005,0.439999998,0.560000002,0.72,1.200000048,1.679999948,2.200000048,3,3.799999952,10.1,,11.69999981,13.02970028,14.51049995,16.1595993,17.99620056,18.96789932,19.67350006,
"Congo, Rep.",COG,Individuals using the Internet (% of population),IT.NET.USER.ZS,,,,,,,,,,,,,,,,,,,,,,,,,,,,,,,0,,,,,,0.00353,0.00347,0.00342,0.0168,0.026354732,0.032223616,0.157249517,0.460014187,1.07750493,1.463400006,2.007999897,2.759704374,4.287509903,4.5,5,5.6,6.106699944,6.599999905,7.110000134,7.616000175,8.121899605,8.649999619,11.8071003,16.11639977,21.99850082,30.02739906,40.98669815,43.15039825,47.25159836,
Costa Rica,CRI,Individuals using the Internet (% of population),IT.NET.USER.ZS,,,,,,,,,,,,,,,,,,,,,,,,,,,,,,,0,,0.00111,0.0815,0.28,0.417,0.841,1.64,2.67,3.9,5.800253023,9.559482135,19.89485113,20.33361481,20.79230671,22.07,25.10000038,28.39999962,32.29,34.33,36.5,39.212196,47.5,45.96,53,59.76295014,65.88044919,71.58166462,73.47972844,81.20259644,80.53018608,82.74901607,82.59801121,85.39514799,87.17019653,
Cote d'Ivoire,CIV,Individuals using the Internet (% of population),IT.NET.USER.ZS,,,,,,,,,,,,,,,,,,,,,,,,,,,,,,,0,,,,,0.0002,0.00841,0.0188,0.061,0.119,0.231461671,0.395747702,0.497929361,0.758669629,0.849282415,1.039199948,1.52489996,1.799999952,1.899999976,2,2.700000048,2.900000095,4.400000095,6.599999905,10,38.44000017,41.20781493,43.83992085,37.54653613,36.28895457,36.01660156,35.95069885,38.41328122,40.65284979,41.43219902,
Croatia,HRV,Individuals using the Internet (% of population),IT.NET.USER.ZS,,,,,,,,,,,,,,,,,,,,,,,,,,,,,,,0,,,0.0972,0.268,0.514,0.859,1.73,3.27,4.41,6.644882544,11.55857318,17.76,22.75,30.91,33.13999939,37.97999954,41.44,44.24,50.58,56.55,57.78997899,61.93997315,66.7476,68.56789925,69.84503592,72.69726967,67.09619204,75.29462599,79.07978368,78.32090004,81.25396608,82.07155532,83.24117599,83.63240029,
Cuba,CUB,Individuals using the Internet (% of population),IT.NET.USER.ZS,,,,,,,,,,,,,,,,,,,,,,,,,,,,,,,0,,,,,9.17E-05,0.0319,0.0682,0.227,0.315,0.541182549,1.079751722,3.770585038,5.241269054,8.407984759,9.738062208,11.15960131,11.69,12.94,14.33,15.9,16.0172908,21.20000076,27.93,29.07018437,37.30509742,42.97867519,57.14840432,62.67892362,67.97080866,71.11907507,67.64354869,67.88410187,69.55580139,70.47699738,
Curacao,CUW,Individuals using the Internet (% of population),IT.NET.USER.ZS,,,,,,,,,,,,,,,,,,,,,,,,,,,,,,,,,,,,,,,,,,,,,,,,,,,,,,,,,61.85551074,68.12721625,,,,,,,,
Cyprus,CYP,Individuals using the Internet (% of population),IT.NET.USER.ZS,,,,,,,,,,,,,,,,,,,,,,,,,,,,,,,0,,0.0501,0.0564,0.111,0.41,0.673,4.38,8.89,11.3,15.25539437,18.81875904,28.32,30.09,33.83,32.81,35.83,40.77,42.31,49.81,52.99,56.85989235,60.6898684,65.4548,69.32869671,71.71574092,75.9002054,80.74318897,84.43358252,86.06362996,90.80194644,90.75951564,89.60099194,91.22110357,89.60099246,
Czechia,CZE,Individuals using the Internet (% of population),IT.NET.USER.ZS,,,,,,,,,,,,,,,,,,,,,,,,,,,,,,,0,,,0.581,1.26,1.45,1.94,2.92,3.9,6.83,9.780527888,14.69717212,23.93,34.3,35.5,35.27,47.93,51.93,62.97,64.43,68.82,70.49,73.43000782,74.1104,74.23171164,75.6688387,76.4811987,78.71917285,80.68816754,80.86694441,81.33889705,82.67062427,84.54009378,85.99404818,87.68776014,
Denmark,DNK,Individuals using the Internet (% of population),IT.NET.USER.ZS,,,,,,,,,,,,,,,,,,,,,,,,,,,,,,,0.0973,0.194,0.387,0.578,1.34,3.83,5.71,11.4,22.7,30.6,39.17243086,42.95752472,64.25,76.26,80.93,82.74,86.65,85.03,85.02,86.84,88.72,89.81001339,92.26001172,94.6297,95.99350538,96.33050162,96.96778525,97.09936216,97.31920437,98.04643475,96.54914573,98.8658506,97.86011812,98.77559197,99.76915157,
Djibouti,DJI,Individuals using the Internet (% of population),IT.NET.USER.ZS,,,,,,,,,,,,,,,,,,,,,,,,,,,,,,,0,,,,,0.016,0.0312,0.0829,0.0947,0.106,0.194500528,0.343526263,0.486971705,0.625940229,0.781317175,0.953599989,1.269999981,1.62,2.26,4,6.5,7,9.399999619,12.69999981,17,22.89999962,30.79999924,55.68140925,57.06169891,58.4762001,59.92570114,61.41120148,63.77600098,64.75869751,65.29889679,
Dominica,DMA,Individuals using the Internet (% of population),IT.NET.USER.ZS,,,,,,,,,,,,,,,,,,,,,,,,,,,,,,,0,,,,,0.549,1.17,,2.93,2.93,8.814844198,13.24522804,18.42489277,23.62041985,30.31961309,38.54359818,39.39820099,40.2745018,41.15999985,42.02000046,47.45,48.59999847,49.79999924,51,57.5,65,67.02999878,69.61969757,,73.38200378,75.65670013,78.07949829,80.57980347,81.33650208,82.04689789,
Dominican Republic,DOM,Individuals using the Internet (% of population),IT.NET.USER.ZS,,,,,,,,,,,,,,,,,,,,,,,,,,,,,,,0,,,,,0.0172,0.075,0.143,0.234,1.1,3.704692356,4.429390697,6.823725733,7.898392937,8.865553461,11.48319778,14.84492837,17.66,20.82,27.72,31.39999962,38,42.32,45.9,49.58000183,54.21576634,63.87086474,67.57124533,74.82204836,79.71549988,81.61730194,85.24298638,81.51269675,86.12689972,91.0022446,
Early-demographic dividend,EAR,Individuals using the Internet (% of population),IT.NET.USER.ZS,,,,,,,,,,,,,,,,,,,,,,,,,,,,,,,,,,,,,,,,,,,,,,,,,,,,,,,,,,,,,,,,,,
East Asia & Pacific,EAS,Individuals using the Internet (% of population),IT.NET.USER.ZS,,,,,,,,,,,,,,,,,,,,,,,,,,,,,,,,,,,,,,,,,,,,,,14.7,16.6,20.8,25.2,29.5,34.2,37.3,40.4,43.2,45.5,48.3,53.9,57.8,62.5,67.1,73.9,78.8,82.4,84.9,86.6,88.4
East Asia & Pacific (excluding high income),EAP,Individuals using the Internet (% of population),IT.NET.USER.ZS,,,,,,,,,,,,,,,,,,,,,,,,,,,,,,,,,,,,,,,,,,,,,,8.3,10.1,14.3,19.2,23.7,28.9,32.3,35.7,38.2,40.6,43.5,49.6,53.9,59.1,64,72.2,77.6,81.6,84.2,86.1,88.1
East Asia & Pacific (IDA & IBRD countries),TEA,Individuals using the Internet (% of population),IT.NET.USER.ZS,,,,,,,,,,,,,,,,,,,,,,,,,,,,,,,,,,,,,,,,,,,,,,8.4,10.3,14.5,19.5,24,29.3,32.7,36.1,38.7,41.1,44.1,50.2,54.6,59.8,64.3,72.7,78.3,82.3,85,86.8,88.9
Ecuador,ECU,Individuals using the Internet (% of population),IT.NET.USER.ZS,,,,,,,,,,,,,,,,,,,,,,,,,,,,,,,0,,0.00512,0.0164,0.0348,0.0438,0.0862,0.11,0.125,0.823,1.462188536,2.670443674,4.260796915,4.460228345,4.834442638,5.994299889,7.199999809,10.80000019,18.8,24.6,29.03,31.36680836,35.13514645,40.27912194,45.59039067,48.94043379,54.06292473,55.79999924,57.5,59.2,70.7,69.1147995,69.71811356,72.6943146,77.17273115,
"Egypt, Arab Rep.",EGY,Individuals using the Internet (% of population),IT.NET.USER.ZS,,,,,,,,,,,,,,,,,,,,,,,,,,,,,,,0,,,0.000976,0.00638,0.0313,0.0615,0.0905,0.148,0.29,0.641265038,0.838945611,2.719999715,4.037885107,11.92,12.75,13.66,16.03,18.01,20,21.6,25.6,26.4,29.4,33.89460391,37.81938343,41.24806709,44.95020425,46.92433677,57.2828664,71.91420096,72.05599976,72.19806556,74.01190186,74.64839935,
El Salvador,SLV,Individuals using the Internet (% of population),IT.NET.USER.ZS,,,,,,,,,,,,,,,,,,,,,,,,,,,,,,,0,,,,,,0.0864,0.257,0.425,0.845,1.177397269,1.5,1.9,2.5,3.2,4.199999809,5.5,6.11,10.08,12.11,15.9,18.89999962,20.32138772,23.1093,24.76171215,26.80260496,28.99710083,33.8207289,43.79999924,50.49119407,54.60136976,57.26380157,60.05609894,62.61989975,66.47769928,
Equatorial Guinea,GNQ,Individuals using the Internet (% of population),IT.NET.USER.ZS,,,,,,,,,,,,,,,,,,,,,,,,,,,,,,,0,,,,,,,0.0415,0.0944,0.0974,0.132354665,0.165260423,0.321197997,0.520524272,0.843930285,1.149799943,1.279199958,1.557100058,1.820000052,2.130000114,6,11.5,13.94320011,16.39999962,18.86000061,21.31999969,23.78000069,26.23999977,29.39999962,49.13370132,55.00130081,58.71730042,63.65950012,63.51950073,63.29930115,
Eritrea,ERI,Individuals using the Internet (% of population),IT.NET.USER.ZS,,,,,,,,,,,,,,,,,,,,,,,,,,,,,,,0,,,0,0,0,0,0.00902,0.00877,0.0255,0.136711941,0.157815289,0.227090138,,,,,0.409999996,0.469999999,0.540000021,0.610000014,0.699999988,0.800000012,0.899999976,0.99000001,1.083699942,1.177099943,2.496099949,5.293000221,11.22379971,14.34939957,,,,,
Estonia,EST,Individuals using the Internet (% of population),IT.NET.USER.ZS,,,,,,,,,,,,,,,,,,,,,,,,,,,,,,,0,,0.0655,0.301,1.16,2.78,3.53,5.71,10.8,14.5,28.57695381,31.52748977,41.52,45.32,53.2,61.45,63.51,66.19,70.58,72.5,74.1,76.5,78.38992593,80.0043,84.24152803,88.4097035,87.24023275,88.10245687,89.35700777,90.2289282,89.05828666,90.97970174,91.52016546,93.18342241,92.23796204,
Eswatini,SWZ,Individuals using the Internet (% of population),IT.NET.USER.ZS,,,,,,,,,,,,,,,,,,,,,,,,,,,,,,,0,,,,,0.00103,0.0504,0.0885,0.0961,0.471,0.926191777,1.28159005,1.816203807,2.437073851,3.228685073,3.697000027,3.696538789,4.1,6.85,8.94,11.04,18.13,20.78179932,24.70000076,25,25.64299965,28.56999969,35.33160019,39.38100052,43.93389893,49.01300049,53.99530029,57.34370041,61.33330154,63.40309906,
Ethiopia,ETH,Individuals using the Internet (% of population),IT.NET.USER.ZS,,,,,,,,,,,,,,,,,,,,,,,,,,,,,,,0,,,,,1.75E-05,0.0017,0.00497,0.00966,0.0125,0.015263767,0.037162381,0.072402262,0.105811659,0.155334521,0.219659819,0.310592657,0.37,0.449999988,0.540000021,0.75,1.100000024,2.900000095,4.599999905,7.699999809,13.85517556,15.36692386,15.62440014,15.88619995,15.98460007,16.06959915,16.6981031,17.9836998,20.33749962,21.94129944,
Euro area,EMU,Individuals using the Internet (% of population),IT.NET.USER.ZS,,,,,,,,,,,,,,,,,,,,,,,,,,,,,,,,,,,,,,,,,,,,,,,,,,,,,,,,,,,,,,,,,,
Europe & Central Asia,ECS,Individuals using the Internet (% of population),IT.NET.USER.ZS,,,,,,,,,,,,,,,,,,,,,,,,,,,,,,,,,,,,,,,,,,,,,,34.7,38,43.6,48.1,52.7,57,60.2,63.8,66.1,68.9,69.9,72.3,74.5,78.1,80.3,83.4,86.3,87.9,89.6,90.9,92.4
Europe & Central Asia (excluding high income),ECA,Individuals using the Internet (% of population),IT.NET.USER.ZS,,,,,,,,,,,,,,,,,,,,,,,,,,,,,,,,,,,,,,,,,,,,,,8.9,11.6,16.3,20.6,25,30.1,34.9,39.4,43.2,48.6,51.9,56.2,60.6,65.8,70.3,74.5,79.1,82,84.6,85.8,87.5
Europe & Central Asia (IDA & IBRD countries),TEC,Individuals using the Internet (% of population),IT.NET.USER.ZS,,,,,,,,,,,,,,,,,,,,,,,,,,,,,,,,,,,,,,,,,,,,,,14.6,17.7,23,28.2,34.7,40,45.4,50.7,53.5,57.7,59.4,63.3,67,71.8,75.2,78.6,82.6,85.2,87.3,88.9,90.8
European Union,EUU,Individuals using the Internet (% of population),IT.NET.USER.ZS,,,,,,,,,,,,,,,,,,,,,,,,,,,,,,,,,,,,,,,,,,,,,,,,,,,,,,,,,,,,,,,,,,
Faroe Islands,FRO,Individuals using the Internet (% of population),IT.NET.USER.ZS,,,,,,,,,,,,,,,,,,,,,,,,,,,,,,,0,,,,,0,2.32,4.6,11.3,22.3,32.91639236,43.24698352,53.29922183,58.91264097,66.53359947,67.90263174,69.35944512,75.98,75.57,75.18,75.2,80.7321728,85.33518924,90,93.3,94.2,95.10868167,97.58195894,,,,,,,,
Fiji,FJI,Individuals using the Internet (% of population),IT.NET.USER.ZS,,,,,,,,,,,,,,,,,,,,,,,,,,,,,,,0,,,0.00668,0.00791,0.00912,0.0644,0.223,0.633,0.942,1.496854734,1.857978594,6.1526497,6.725434738,7.412943485,8.453636634,9.6000384,10.89780045,13,17,20,28,33.74240112,35.20000076,37.40000153,42.5,49.41999817,53.6473999,58.2364006,63.21789932,68.62560272,70.56800079,72.56549835,74.1160965,74.7052002,
Finland,FIN,Individuals using the Internet (% of population),IT.NET.USER.ZS,,,,,,,,,,,,,,,,,,,,,,,,,,,,,,,0.401,1.4,1.89,2.57,4.92,13.9,16.8,19.5,25.5,32.3,37.24846174,43.10536335,62.43,69.22,72.39,74.48,79.66,80.78,83.67,82.49,86.89,88.70999491,89.87999797,91.5144,86.53039275,86.42213333,87.70364996,87.46892907,88.88996,89.60738511,92.17027106,92.80806082,92.98879471,93.51385075,93.72405196,
France,FRA,Individuals using the Internet (% of population),IT.NET.USER.ZS,,,,,,,,,,,,,,,,,,,,,,,,,,,,,,,0.0528,0.14,0.279,0.591,0.9,1.64,2.58,4.26,6.32,9.13,14.30792394,26.32590355,30.18,36.14,39.15,42.87,46.87,66.09,70.68,71.58,77.28,77.81999899,81.44,81.9198,83.75109967,78.00603771,79.26981132,80.50245972,82.04318678,83.33974409,84.70639801,86.09548575,85.33331734,86.83635789,88.65381638,
French Polynesia,PYF,Individuals using the Internet (% of population),IT.NET.USER.ZS,,,,,,,,,,,,,,,,,,,,,,,,,,,,,,,0,,,,,,0.091,0.214,1.32,3.45,6.357063545,6.251588946,8.200216486,14.12429379,17.88453743,21.54218547,25.10796425,28.59,33.87,44.6,49,49,52.87663059,56.8,60.68,64.56020975,68.44041949,72.70389531,,,,,,,,
Gabon,GAB,Individuals using the Internet (% of population),IT.NET.USER.ZS,,,,,,,,,,,,,,,,,,,,,,,,,,,,,,,0,,,,,,0,0.048,0.17,0.249,1.216140618,1.347620222,1.939530106,2.659586594,2.9790698,4.89326475,5.489200803,5.767000198,7.5,9.5,13,18,24,30.53800011,38.07120132,45.78450012,48.0522995,51.60490036,55.42020035,59.51760101,63.91790009,65.76809692,67.67169952,68.19789886,68.72090149,
"Gambia, The",GMB,Individuals using the Internet (% of population),IT.NET.USER.ZS,,,,,,,,,,,,,,,,,,,,,,,,,,,,,,,0,,,,,0.00922,0.0355,0.0513,0.206,0.716,0.921794919,1.336791166,1.796779883,2.436781193,3.308003478,3.799000025,5.237691158,6.205037419,6.880000114,7.630000114,9.2,10.87030029,12.44919968,14,15.56000042,17.59950066,19.90640068,22.5156002,28.30900002,31.11829948,36.01100159,41.67309952,48.22539902,48.72829819,49.49430084,
Georgia,GEO,Individuals using the Internet (% of population),IT.NET.USER.ZS,,,,,,,,,,,,,,,,,,,,,,,,,,,,,,,0,,,,,0.0118,0.0401,0.0609,0.103,0.416,0.484746299,0.992344436,1.58787563,2.558816481,3.886221354,6.079500198,7.526876845,8.26,10.01000023,20.06999969,26.9,31.52000046,36.93999863,43.3,49.10245471,47.56975964,58.45928961,59.7055046,62.7179082,68.84671356,72.53157487,76.4427093,78.71127536,81.88425624,83.79855689,
Germany,DEU,Individuals using the Internet (% of population),IT.NET.USER.ZS,,,,,,,,,,,,,,,,,,,,,,,,,,,,,,,0.126,0.25,0.435,0.464,0.923,1.84,3.05,6.71,9.88,20.8,30.2163466,31.65093942,48.82,55.9,64.73,68.71,72.16,75.16,78,79,82,81.26999954,82.34999847,84.17,86.19370066,87.58979935,84.16520664,84.3941537,87.03711209,88.13451691,89.81294133,91.43060973,91.62984383,92.4763763,93.49999579,
Ghana,GHA,Individuals using the Internet (% of population),IT.NET.USER.ZS,,,,,,,,,,,,,,,,,,,,,,,,,,,,,,,0,,,,,0.000348,0.00565,0.0275,0.0322,0.105,0.153615298,0.20000806,0.830284034,1.193057911,1.716797704,1.831197461,2.723175973,3.85,4.27,5.44,7.8,9,10.6,15,19,23,28,37.88420105,43,22.0732,62.51760101,68.6,69.91329956,70.67430115,72.17569733,
Gibraltar,GIB,Individuals using the Internet (% of population),IT.NET.USER.ZS,,,,,,,,,,,,,,,,,,,,,,,,,,,,,,,0,,,,,,,2.66,4.18,5.94,19.13163812,21.17110944,23.67023975,28.32577979,32.88608261,39.07013088,45.29864751,51.61,58,65.07,65,65,65.017,,,,94.44447158,,,,,,,,,
Greece,GRC,Individuals using the Internet (% of population),IT.NET.USER.ZS,,,,,,,,,,,,,,,,,,,,,,,,,,,,,,,0,0.0488,0.0483,0.191,0.378,0.75,1.4,1.85,3.22,6.88,9.138837308,10.93502581,14.67,17.8,21.42,24,32.25,35.88,38.2,42.4,44.4,51.64999517,55.06999344,59.8663,63.20734048,66.83495949,69.08791547,69.89297065,72.23837339,75.67120669,78.11584474,78.49426371,83.17066333,85.0102229,86.26968886,
Greenland,GRL,Individuals using the Internet (% of population),IT.NET.USER.ZS,,,,,,,,,,,,,,,,,,,,,,,,,,,,,,,0,,,,0.0647,0.0539,1.8,7.95,14.7,21.6,31.74781123,35.46413689,44.15478903,54.53425983,56.09901476,57.7034045,59.36168727,61.07,62.82,62.83,63,64,64.8960101,65.8,66.7,67.60044348,68.50087368,69.48246178,,,,,,,,
Grenada,GRD,Individuals using the Internet (% of population),IT.NET.USER.ZS,,,,,,,,,,,,,,,,,,,,,,,,,,,,,,,0,0,0,0,0,0,0.298,0.991,1.48,2.47,4.063907991,5.128103982,14.75884055,18.64518218,19.57062058,20.4878006,21.39599991,22.29,23.18000031,24.04999924,27,30,32,35,51.6,52.5,53.29999924,54.20000076,61.42459869,64.31279755,65.65380096,67.02279663,68.42030334,69.4131012,70.16159821,
Guam,GUM,Individuals using the Internet (% of population),IT.NET.USER.ZS,,,,,,,,,,,,,,,,,,,,,,,,,,,,,,,0,,,,0.348,0.66,1.36,2.34,4.5,8.5,16.11312704,25.38022753,31.19229426,33.71668179,36.16178784,38.55987756,43.851443,46.15047362,48.41870215,50.64202838,54.04,57.7,61.53415931,65.4,69.27,73.13999995,77.00999989,80.50546556,,,,,,,,
Guatemala,GTM,Individuals using the Internet (% of population),IT.NET.USER.ZS,,,,,,,,,,,,,,,,,,,,,,,,,,,,,,,0,,,,,0.003,0.0195,0.0955,0.467,0.593,0.712332905,1.738201782,3.39174627,4.548854908,5.1,5.699999809,6.5,7.300000191,8.300000191,9.300000191,10.5,12.30000019,16,19.70000076,23.39999962,28.80590057,34.50930023,37.90000153,41.5,44.40104984,47.51229858,50.84164945,54.40430069,56.72669983,60.22140121,
Guinea,GIN,Individuals using the Internet (% of population),IT.NET.USER.ZS,,,,,,,,,,,,,,,,,,,,,,,,,,,,,,,0,,,,0.000138,0.000669,0.00195,0.0038,0.0062,0.0608,0.095424924,0.175541868,0.402022749,0.450960371,0.508819332,0.542299986,0.637499988,0.780025279,0.92,0.94,1,2,3.099999905,4.5,6.400000095,9.199999809,13.10000038,18.70000076,21.83002304,23.89049911,26.14550018,28.61330032,31.31399918,32.31560135,33.30469894,
Guinea-Bissau,GNB,Individuals using the Internet (% of population),IT.NET.USER.ZS,,,,,,,,,,,,,,,,,,,,,,,,,,,,,,,0,,,,,,,0.0164,0.0241,0.118,0.230103171,0.299569145,1.022993234,1.354197478,1.808142203,1.90139997,2.057199955,2.20630002,2.354888711,2.303280592,2.450000048,2.671999931,2.894000053,3.099999905,3.319999933,6.099999905,13.80000019,14.80000019,15.69999981,17.92149925,20.45730019,23.3519001,27.67379951,28.71240044,29.77739906,
Guyana,GUY,Individuals using the Internet (% of population),IT.NET.USER.ZS,,,,,,,,,,,,,,,,,,,,,,,,,,,,,,,0,,,,,,0.0659,0.132,0.264,0.4,0.6,1,1.5,2.4,3.7,5.699999809,8.899999619,13.80000019,18.2,23.9,29.9,30,30.5,31,32,34,35.65999985,42.6753006,48.59889984,55.31269836,62.95399857,71.65090179,76.56240082,79.3553009,83.00080109,
Haiti,HTI,Individuals using the Internet (% of population),IT.NET.USER.ZS,,,,,,,,,,,,,,,,,,,,,,,,,,,,,,,0,,,,,,0.00748,,0.024,0.0707,0.231270715,0.340832326,0.893432988,1.647358346,5.401261908,6.376200199,6.796000004,7.199999809,7.599999905,8.100000381,8.369999886,9,9.800000191,10.60000038,11.39999962,14.19999981,22.79999924,27.20000076,32.47362713,35.76409912,39.38809967,43.37919998,47.77470016,47.99269867,47.8614006,
Heavily indebted poor countries (HIPC),HPC,Individuals using the Internet (% of population),IT.NET.USER.ZS,,,,,,,,,,,,,,,,,,,,,,,,,,,,,,,,,,,,,,,,,,,,,,,,,,,,,,,,,,,,,,,,,,
High income,HIC,Individuals using the Internet (% of population),IT.NET.USER.ZS,,,,,,,,,,,,,,,,,,,,,,,,,,,,,,,,,,,,,,,,,,,,,,52.9,55.7,61.3,64,66.4,69,70.4,73.7,75.1,77,78.3,82.5,84.2,86.3,87.5,88.4,90,91,91.9,93,94.2
Honduras,HND,Individuals using the Internet (% of population),IT.NET.USER.ZS,,,,,,,,,,,,,,,,,,,,,,,,,,,,,,,0,,,,,0.0368,0.0437,0.171,0.301,0.574,1.203855999,1.415281931,2.597402597,4.8,5.6,6.5,7.800000191,9.399999619,9.6,9.800000191,11.09,15.9,18.12,17.8,23,27.13954548,29.52821808,31.73579247,36.04006082,39.38835219,45.24829865,51.95159912,56.88069916,58.0685997,58.62269974,
"Hong Kong SAR, China",HKG,Individuals using the Internet (% of population),IT.NET.USER.ZS,,,,,,,,,,,,,,,,,,,,,,,,,,,,,,,0,0.121,0.85,1.33,2.78,3.22,4.75,10.5,14.5,21.2,27.82776068,38.67140323,43.08238303,52.20004335,56.39988039,56.9,60.8,64.8,66.7,69.4,72,72.19999695,72.9,74.2,79.86627043,84.94835296,87.47941467,89.41594465,90.50739533,91.74340039,92.41313602,93.08715788,95.61357052,95.97781908,95.75536971,
Hungary,HUN,Individuals using the Internet (% of population),IT.NET.USER.ZS,,,,,,,,,,,,,,,,,,,,,,,,,,,,,,,0,0.00338,0.0484,0.193,0.484,0.677,0.969,1.94,3.89,5.86,6.999676351,14.5285543,16.67,21.63,27.74,38.97,47.06,53.3,61,62,65,68.01998789,70.57999815,72.6439,75.65319745,72.83473703,79.25941213,76.75054712,76.07436064,80.37169361,84.77115202,88.64083466,89.14282688,91.4500713,93.77898628,
IBRD only,IBD,Individuals using the Internet (% of population),IT.NET.USER.ZS,,,,,,,,,,,,,,,,,,,,,,,,,,,,,,,,,,,,,,,,,,,,,,8.7,10.5,13.7,17.1,20.7,25,28.5,31.5,34,36.4,39.1,43.2,46.6,50.3,56.3,65.4,70.3,74.4,77.3,79.9,82.7
Iceland,ISL,Individuals using the Internet (% of population),IT.NET.USER.ZS,,,,,,,,,,,,,,,,,,,,,,,,,,,,,,,0,0.505,1.54,2.67,6.79,11.2,14.8,27.5,36.3,41.3,44.47053382,49.39299537,79.12,83.14,83.88,87,89.51,90.6,91,93,93.39,94.8196868,96.20979955,96.5468,98.15802331,98.19999695,98.23999786,98.25520119,99.01095399,99.50494117,99.5327519,99.68701957,97.58339691,97.94860077,98.209198,
IDA & IBRD total,IBT,Individuals using the Internet (% of population),IT.NET.USER.ZS,,,,,,,,,,,,,,,,,,,,,,,,,,,,,,,,,,,,,,,,,,,,,,7.2,8.7,11.3,14,16.9,20.3,23.2,25.7,27.8,30.1,32.8,36.4,39.5,42.9,47.8,55.1,59.3,63,65.5,67.7,70.3
IDA blend,IDB,Individuals using the Internet (% of population),IT.NET.USER.ZS,,,,,,,,,,,,,,,,,,,,,,,,,,,,,,,,,,,,,,,,,,,,,,4.4,5.4,6.1,6.8,7.7,9.1,10.3,11.8,13.9,16.1,19,20.6,22.3,24.1,26.9,28.7,32.4,36.5,38.3,41.2,44.2
IDA only,IDX,Individuals using the Internet (% of population),IT.NET.USER.ZS,,,,,,,,,,,,,,,,,,,,,,,,,,,,,,,,,,,,,,,,,,,,,,1,1.5,2.3,2.8,3.4,4.2,5,5.8,6.9,9,11.6,14.9,17.5,20.9,22.8,26,28.4,30.7,32.5,33.9,36.1
IDA total,IDA,Individuals using the Internet (% of population),IT.NET.USER.ZS,,,,,,,,,,,,,,,,,,,,,,,,,,,,,,,,,,,,,,,,,,,,,,2.2,2.8,3.7,4.2,4.9,5.9,6.8,7.9,9.4,11.6,14.2,16.9,19.2,22,24.2,27,29.8,32.8,34.5,36.4,38.9
India,IND,Individuals using the Internet (% of population),IT.NET.USER.ZS,,,,,,,,,,,,,,,,,,,,,,,,,,,,,,,0,,0.000111,0.000218,0.00107,0.0262,0.0463,0.0708,0.139,0.273,0.52753245,0.660146377,1.537875582,1.686489971,1.976136492,2.388099909,2.805499865,3.95,4.38,5.12,7.5,10.07,11.10000038,12.30000019,13.5,14.89999962,16.5,18.20000076,20.08130004,29.52350044,43.40544313,49.2580986,55.9,60.25230026,64.9434967,70
Indonesia,IDN,Individuals using the Internet (% of population),IT.NET.USER.ZS,,,,,,,,,,,,,,,,,,,,,,,,,,,,,,,0,,,,0.00106,0.0261,0.0566,0.195,0.255,0.444,0.925563864,2.018613859,2.134135733,2.38701978,2.600285876,3.602024763,4.764813134,5.786274729,7.917500019,6.92,10.92,12.28,14.52,14.94,17.14315984,22.0627426,25.4473537,32.33580625,39.90463864,47.69064898,53.72649449,62.10447842,66.48461277,69.20836554,72.78075544,
"Iran, Islamic Rep.",IRN,Individuals using the Internet (% of population),IT.NET.USER.ZS,,,,,,,,,,,,,,,,,,,,,,,,,,,,,,,0,,,,0.000408,0.00418,0.0158,0.0468,0.0998,0.379,0.93419002,1.484221332,4.626175115,6.933721953,7.49,8.100000381,8.760000229,9.470000267,12.02,13.80000019,15.9,19,22.73,29.95,39.35361451,45.33497615,53.22677167,64.04397362,70.200565,72.45090477,75.56986637,78.5957366,81.71649933,83.71050262,85.3404007,
Iraq,IRQ,Individuals using the Internet (% of population),IT.NET.USER.ZS,,,,,,,,,,,,,,,,,,,,,,,,,,,,,,,0,,,,,,,,,,,0.1,0.5,0.6,0.9,0.899999976,0.952344244,0.93,1,1.06,2.5,5,7.099999905,9.199999809,11.64532673,15.21440029,19.87719917,25.96920013,33.92810059,44.32634655,53.67779922,65.00219727,78.71560926,81.80889893,81.47450256,
Ireland,IRL,Individuals using the Internet (% of population),IT.NET.USER.ZS,,,,,,,,,,,,,,,,,,,,,,,,,,,,,,,0,0.0568,0.17,0.281,0.558,1.11,2.2,4.09,8.1,10.9,17.85046724,23.13881219,25.85,34.31,36.99,41.61,54.82,61.15832455,65.34,67.38,69.85,74.88997297,76.91999254,78.2477,83.49172234,83.49479167,83.5,84.11400706,87.00014011,87.00005524,91.99989097,93.50610352,95.03690338,96.8660965,97.18769836,
Isle of Man,IMN,Individuals using the Internet (% of population),IT.NET.USER.ZS,,,,,,,,,,,,,,,,,,,,,,,,,,,,,,,,,,,,,,,,,,,,,,,,,,,,,,,,,,,,,,,,,,
Israel,ISR,Individuals using the Internet (% of population),IT.NET.USER.ZS,,,,,,,,,,,,,,,,,,,,,,,,,,,,,,,0.111,0.215,0.311,0.399,0.577,0.93,2.17,4.4,10.3,13.4,20.87379,17.37862386,17.76459906,19.59339366,22.77048553,25.19400024,27.8810997,48.12806219,59.39,63.12,67.5,68.87387799,70.8,70.25031195,75.01775316,77.35208966,79.65312418,81.58118359,83.73315696,86.78787762,90.12734091,90.29689758,91.85079615,87.03842615,88.18242225,
Italy,ITA,Individuals using the Internet (% of population),IT.NET.USER.ZS,,,,,,,,,,,,,,,,,,,,,,,,,,,,,,,0.0175,0.0351,0.0701,0.122,0.192,0.524,1.02,2.28,4.56,14.4,23.11087424,27.22211698,28.04,29.04,33.24,35,37.99,40.79,44.53,48.83,53.68,54.3899983,55.82999799,58.4593,55.63846022,58.14173496,61.32425277,63.077347,74.38718292,67.85071029,70.48342785,74.8623274,85.06074504,87.0278292,89.2207202,
Jamaica,JAM,Individuals using the Internet (% of population),IT.NET.USER.ZS,,,,,,,,,,,,,,,,,,,,,,,,,,,,,,,0,,,,0.0368,0.109,0.591,0.798,1.98,2.36,3.115778027,3.863020387,6.1,7.8,10,12.80000019,16.39999962,21.10000038,23.6,24.3,27.67,37.43861341,33.79,37.1,40.4027351,42.22122119,44.36685637,55.07206705,68.21451709,70.84101697,76.38400269,82.36071561,85.84329987,89.47304282,90.10870361,
Japan,JPN,Individuals using the Internet (% of population),IT.NET.USER.ZS,,,,,,,,,,,,,,,,,,,,,,,,,,,,,,,0.0203,0.0404,0.0967,0.401,0.8,1.59,4.37,9.16,13.4,21.4,29.99074036,38.53206086,46.59420112,48.43526589,62.39392963,66.9210661,68.68527032,74.3,75.4,78,78.21,79.05411352,79.4964,88.21942891,89.10683302,91.05802839,93.18272128,91.72654724,88.74635089,92.73039781,90.21945812,82.91407928,84.92343147,85.00990295,85.54153081,
Jordan,JOR,Individuals using the Internet (% of population),IT.NET.USER.ZS,,,,,,,,,,,,,,,,,,,,,,,,,,,,,,,0,,,,,0.0232,0.0449,0.599,1.31,2.53,2.623275422,4.705719581,6.025532412,8.466005016,11.65874137,12.93290043,13.86709976,20,23,26,27.2,34.9,37,41.4,46.2,54.22000122,56.15000153,64.5,65.2,70.08470154,78.4178009,85.999997,90.4999984,92.53443944,95.62244985,
Kazakhstan,KAZ,Individuals using the Internet (% of population),IT.NET.USER.ZS,,,,,,,,,,,,,,,,,,,,,,,,,,,,,,,0,,,,0.000521,0.0113,0.0318,0.0646,0.131,0.464,0.668594403,1.006124211,1.674770995,2.000414753,2.650394657,2.961699963,3.268399954,4.02,11,18.2,31.6,50.6,61.90662747,63.30422443,66,70.8299336,74.58772647,76.42674823,78.90391906,81.87762047,85.94259898,90.9239507,92.29685266,92.87846096,93.39167254,
Kenya,KEN,Individuals using the Internet (% of population),IT.NET.USER.ZS,,,,,,,,,,,,,,,,,,,,,,,,,,,,,,,0,,,,,0.000727,0.00884,0.0344,0.0503,0.114,0.318059714,0.619782266,1.207773885,2.941902861,3.023528042,3.101900101,3.599999905,4.400000095,5.199999809,6.1,7.2,8.800000191,10.5,13,16.5,16.58785485,16.6,17.82710075,19.5,22.66877336,24.7227993,26.96290016,29.40589905,32.07040024,34.97622513,
Kiribati,KIR,Individuals using the Internet (% of population),IT.NET.USER.ZS,,,,,,,,,,,,,,,,,,,,,,,,,,,,,,,0,,,,,,,,0.617,1.21,1.785225474,2.337458948,2.5,3,3.5,4,4.5,6,7,8.97,9.07,10,10.74680042,11.5,12.25,14.89999962,19.41939926,25.30960083,32.9864006,41.79299927,52.95090103,67.08760071,84.99849701,88,89.44029999,
"Korea, Dem. People's Rep.",PRK,Individuals using the Internet (% of population),IT.NET.USER.ZS,,,,,,,,,,,,,,,,,,,,,,,,,,,,,,,0,,,,,,,0,0,0,0,0,0,0,0,,,,,,,,,,,,,,,,,,,,,
"Korea, Rep.",KOR,Individuals using the Internet (% of population),IT.NET.USER.ZS,,,,,,,,,,,,,,,,,,,,,,,,,,,,,,,0.0233,0.0461,0.0984,0.25,0.311,0.82,1.62,3.6,6.78,23.6,44.7,56.6,59.4,65.5,72.7,73.5,78.1,78.8,81,81.6,83.7,83.75912015,84.07,84.77,87.55682649,89.8962558,92.84302568,95.06942188,96.02285958,96.15757918,96.50506052,97.57132698,97.16855335,97.41597478,97.89563777,
Kosovo,XKX,Individuals using the Internet (% of population),IT.NET.USER.ZS,,,,,,,,,,,,,,,,,,,,,,,,,,,,,,,,,,,,,,,,,,,,,,,,,,,,,,,,,,83.89359681,89.44303197,,,,,,,
Kuwait,KWT,Individuals using the Internet (% of population),IT.NET.USER.ZS,,,,,,,,,,,,,,,,,,,,,,,,,,,,,,,0,,,0.0911,0.147,0.203,0.856,2.17,3.05,4.76,6.731395768,8.551792434,10.24896793,22.40293838,22.92711204,25.92609978,28.79120064,34.79999924,42,50.79999924,61.40000153,65.76907069,70.44999695,75.45999908,78.69999695,82,85.59999847,97.99998933,99.59884959,99.54267645,99.10587017,99.7,99.74729919,99.74731125,99.74729919,100
Kyrgyz Republic,KGZ,Individuals using the Internet (% of population),IT.NET.USER.ZS,,,,,,,,,,,,,,,,,,,,,,,,,,,,,,,0,,,,,,,,0.0728,0.205,1.041401145,3.002941327,2.99926518,3.908766268,5.090385307,10.53380013,12.30690002,14.03,15.69999981,16,16.29999924,17.5,19.79999924,23,28.29999924,30.24699974,40.52619934,50.80530167,62.8,64.1,72,77.11769867,84.1937027,91.04440308,92.0286026,
Lao PDR,LAO,Individuals using the Internet (% of population),IT.NET.USER.ZS,,,,,,,,,,,,,,,,,,,,,,,,,,,,,,,0,,,,,,,,0.00966,0.0378,0.111044032,0.181664461,0.267899241,0.333912466,0.36143449,0.850399971,1.16989994,1.64,3.55,6,7,9,10.74769974,12.5,14.26000023,18.20000076,21.87000084,25.51040077,36.27130127,47.03229904,54,62,64.54000092,64.39800262,65.59269714,
Late-demographic dividend,LTE,Individuals using the Internet (% of population),IT.NET.USER.ZS,,,,,,,,,,,,,,,,,,,,,,,,,,,,,,,,,,,,,,,,,,,,,,,,,,,,,,,,,,,,,,,,,,
Latin America & Caribbean,LCN,Individuals using the Internet (% of population),IT.NET.USER.ZS,,,,,,,,,,,,,,,,,,,,,,,,,,,,,,,,,,,,,,,,,,,,,,16.6,20.7,23.7,26.4,31,34.6,39.3,43,46.1,48.7,54.4,57.5,60.2,63.5,67.8,73.8,75.8,77.1,80,81.7,83.7
Latin America & Caribbean (excluding high income),LAC,Individuals using the Internet (% of population),IT.NET.USER.ZS,,,,,,,,,,,,,,,,,,,,,,,,,,,,,,,,,,,,,,,,,,,,,,16.2,20.4,23.3,25.9,30.3,34,38.7,42.1,45.1,47.7,53.3,56.4,59.2,62.6,67.9,73.3,75.3,76.6,79.7,81.4,83.6
Latin America & the Caribbean (IDA & IBRD countries),TLA,Individuals using the Internet (% of population),IT.NET.USER.ZS,,,,,,,,,,,,,,,,,,,,,,,,,,,,,,,,,,,,,,,,,,,,,,16.7,20.9,23.9,26.7,31.3,35,39.7,43.4,46.4,49,54.7,57.7,60.2,63.5,67.7,73.8,75.9,77.3,80.2,81.8,83.9
Latvia,LVA,Individuals using the Internet (% of population),IT.NET.USER.ZS,,,,,,,,,,,,,,,,,,,,,,,,,,,,,,,0,,,,,,0.813,2.05,3.32,4.39,6.319062083,7.219345808,21.94,26.98,38.58,46,53.63,59.17,63.41,66.84,68.42,69.74995456,73.11994377,75.2344,75.82610414,79.20058292,79.84209778,80.114077,83.57717486,86.13545644,88.89796078,91.17964988,91.03009059,92.18791291,92.70757011,
Least developed countries: UN classification,LDC,Individuals using the Internet (% of population),IT.NET.USER.ZS,,,,,,,,,,,,,,,,,,,,,,,,,,,,,,,,,,,,,,,,,,,,,,0.7,1,1.8,2.2,2.6,3.3,4,4.8,6,8.2,10.7,13.8,16.2,19.5,21.2,24.1,26.1,28.2,29.9,31.4,33.7
Lebanon,LBN,Individuals using the Internet (% of population),IT.NET.USER.ZS,,,,,,,,,,,,,,,,,,,,,,,,,,,,,,,0,,,,,0.0716,0.14,1.24,2.72,5.38,7.952743736,6.783219775,7,8,9,10.14000034,15,18.74,22.53,30.13999939,43.68000031,52,61.24980164,70.5,73,74,76.11000061,78.18080139,80.90000153,81.48120117,82.0664978,82.65599823,81.46479797,81.7059021,80.63400269,
Lesotho,LSO,Individuals using the Internet (% of population),IT.NET.USER.ZS,,,,,,,,,,,,,,,,,,,,,,,,,,,,,,,0,,,,,,0.00285,0.00558,0.011,0.0538,0.21180607,0.261150063,1.083943137,1.53249659,2.175524339,2.580199957,2.979708187,3.44543126,3.58,3.72,3.859999895,7,10,15,22,25,32.45385695,39,40.79999924,42.30173357,43.65750122,45.05670166,48.06959915,48.98590088,51.79660034,
Liberia,LBR,Individuals using the Internet (% of population),IT.NET.USER.ZS,,,,,,,,,,,,,,,,,,,,,,,,,,,,,,,0,,,,,,,0.00449,0.0041,0.0113,0.017702706,0.033812227,0.032713307,0.031868935,0.031011185,0.551400006,0.529999971,0.551400006,0.529999971,2,2.3,2.5,2.599999905,3.200000048,5.409999847,10,15.69999981,16.29999924,17.27770042,19.89579964,22.91069984,26.38229942,30.38010025,31.22410011,32.23360062,
Libya,LBY,Individuals using the Internet (% of population),IT.NET.USER.ZS,,,,,,,,,,,,,,,,,,,,,,,,,,,,,,,0,,,,,,,,,0.134,0.187042622,0.366533175,2.244418222,2.814517987,3.532838162,3.91779995,4.301099777,4.721999379,9,10.80000019,14,14,15.19999981,16.5,17.76000023,25,35,47.5,47.5,71.40409851,74.35810089,77.438797,80.64720154,82.10469818,81.95449829,
Liechtenstein,LIE,Individuals using the Internet (% of population),IT.NET.USER.ZS,,,,,,,,,,,,,,,,,,,,,,,,,,,,,,,0,,,,,,,,,,36.51522989,45.11685265,59.47071067,58.80969184,64.00744814,63.37139893,64.21420288,65.0802002,70,75,80,85,89.40769958,93.80000305,95.20999908,96.6411972,98.09390259,99.54660034,,93.14610291,94.34999847,95.56939697,97.88069916,98.13230133,98.2641983,
Lithuania,LTU,Individuals using the Internet (% of population),IT.NET.USER.ZS,,,,,,,,,,,,,,,,,,,,,,,,,,,,,,,0,,,,,,0.277,0.978,1.97,2.92,6.427067495,7.179356994,17.69,25.91,31.23,36.22,43.9,49.9,55.22,59.76,62.12,63.6399774,67.22998933,68.4529,72.13353786,71.37805901,74.37664556,77.61525651,79.72258277,81.58186838,83.05554724,86.93054425,87.72420219,88.50287484,89.16116293,
Low & middle income,LMY,Individuals using the Internet (% of population),IT.NET.USER.ZS,,,,,,,,,,,,,,,,,,,,,,,,,,,,,,,,,,,,,,,,,,,,,,,,,,,,,,,,,,,,,,,,,,
Low income,LIC,Individuals using the Internet (% of population),IT.NET.USER.ZS,,,,,,,,,,,,,,,,,,,,,,,,,,,,,,,,,,,,,,,,,,,,,,1,1.3,2.5,3,3.7,4.3,4.9,5.4,6,6.9,7.9,10,11.4,13.8,16.4,17.6,19,21.2,22,22.5,23.4
Lower middle income,LMC,Individuals using the Internet (% of population),IT.NET.USER.ZS,,,,,,,,,,,,,,,,,,,,,,,,,,,,,,,,,,,,,,,,,,,,,,3.6,4.4,5.6,6.4,7.5,10.1,12.2,13.6,15.2,17.2,19.5,21.9,24.4,27.2,33.4,42.5,47.4,52.3,55.4,58.9,62.9
Luxembourg,LUX,Individuals using the Internet (% of population),IT.NET.USER.ZS,,,,,,,,,,,,,,,,,,,,,,,,,,,,,,,0,,0.153,0.302,0.496,1.59,5.55,7.14,11.7,17.4,22.88732797,36.16342251,39.84,54.55,65.88,70,72.51,78.92,82.23,87.31,90.62,90.02985856,91.94992374,93.7765,94.67020528,96.37671417,98.13669867,97.36296032,97.06129871,97.12063569,98.45962893,98.66086333,98.24203749,99.34785707,98.7606147,99.12902211
"Macao SAR, China",MAC,Individuals using the Internet (% of population),IT.NET.USER.ZS,,,,,,,,,,,,,,,,,,,,,,,,,,,,,,,0,,,,0.037,0.28,0.727,2.36,7,9.21,13.60858974,22.52121677,25.17188016,25.74212398,31.48409738,34.86289978,46.4,47.32699966,49.24,54,55.198,60.20369672,61.31,65.8,69.78094922,77.60013186,81.64298546,83.17408907,83.79408961,86.46792571,87.46230316,88.46810492,89.48549652,89.82640076,89.82640076,
Madagascar,MDG,Individuals using the Internet (% of population),IT.NET.USER.ZS,,,,,,,,,,,,,,,,,,,,,,,,,,,,,,,0,,,,,,0.0037,0.0143,0.0626,0.169,0.196394691,0.222511586,0.339720155,0.423252419,0.525353655,0.567700028,0.607599974,0.649999976,1.649999976,1.629999995,1.700000048,1.899999976,2.299999952,3,3.700000048,4.173999786,4.713699818,6.406000137,7.747799873,9.379400253,11.35470009,13.74590015,17.81170082,18.24080086,18.67790031,
Malawi,MWI,Individuals using the Internet (% of population),IT.NET.USER.ZS,,,,,,,,,,,,,,,,,,,,,,,,,,,,,,,0,,,,,,,0.00467,0.0181,0.0873,0.126780945,0.164020725,0.215094727,0.278815116,0.347505335,0.384499997,0.425099999,0.965864737,0.7,1.07,2.26,3.33,4.350599766,5.050000191,5.829999924,6,6.300000191,7,8.798299789,11.05860043,13.89949989,15.30300045,16.84830093,17.98810346,18.96159935,
Malaysia,MYS,Individuals using the Internet (% of population),IT.NET.USER.ZS,,,,,,,,,,,,,,,,,,,,,,,,,,,,,,,0,,0.00105,0.0255,0.0996,0.146,0.852,2.31,6.75,12.3,21.38473116,26.6959725,32.33820434,34.97115234,42.25226563,48.62917025,51.63798899,55.7,55.8,55.9,56.3,61,65.8,57.05751226,63.66542588,71.06406781,78.78830993,80.14047901,81.20104862,84.18714501,89.55501192,96.7514278,97.3986404,97.69272633,98.0206059,
Maldives,MDV,Individuals using the Internet (% of population),IT.NET.USER.ZS,,,,,,,,,,,,,,,,,,,,,,,,,,,,,,,0,0,0,0,0,0,0.227,0.309,0.57,1.12,2.203872939,3.617290649,5.347765169,5.97659285,6.588254875,6.869605067,11.03635278,16.3,23.2,24.8,26.53,34,38.93009949,44.09999847,49.27999878,54.4620018,59.47750092,64.95500183,70.93689728,77.46970367,79.09780121,81.95760345,83.91189054,84.55290222,85.23999786,
Mali,MLI,Individuals using the Internet (% of population),IT.NET.USER.ZS,,,,,,,,,,,,,,,,,,,,,,,,,,,,,,,0,,,,,,0.00206,0.0101,0.0198,0.0609,0.142545755,0.185897413,0.227045578,0.310364443,0.43281964,0.507099986,0.729600012,0.81,1.57,1.799999952,2,2.2,2.799999952,3.5,7,10.32999992,14,18.89999962,21.39999962,24.96030045,29.11300087,33.95650101,35.19919968,36.03879929,36.80149841,
Malta,MLT,Individuals using the Internet (% of population),IT.NET.USER.ZS,,,,,,,,,,,,,,,,,,,,,,,,,,,,,,,0,,,,,0.225,1.05,3.92,6.5,7.76,13.11370871,17.87784832,28.92,31.64,34.62,41.24,40.41,46.9,50.08,58.86,63,68.01982379,68.19987429,68.9138,73.11411578,75.96001898,78.0751488,81.01191108,81.65804429,85.77859638,86.85876183,87.46977742,91.54062209,92.07266941,93.86029816,
Marshall Islands,MHL,Individuals using the Internet (% of population),IT.NET.USER.ZS,,,,,,,,,,,,,,,,,,,,,,,,,,,,,,,0,0,0,0,0,0,0.0371,,,0.966,1.534271796,1.706614078,2.335444575,2.569750367,3.599776814,3.878702398,3.795590214,3.950000048,4.599999905,5.599999905,7,10,12.5,14,16.79999924,19.28240013,29.78779984,38.70119858,43.88249969,49.75749969,56.41910172,63.97259903,64.26719666,64.07589722,65.915802,
Mauritania,MRT,Individuals using the Internet (% of population),IT.NET.USER.ZS,,,,,,,,,,,,,,,,,,,,,,,,,,,,,,,0,,,,,,,0.00417,0.0406,0.118,0.192031462,0.261448552,0.363229415,0.424004896,0.481470438,0.670000017,0.979700029,1.433599949,1.870000005,2.279999971,4,4.5,5,6.199999809,11.80000019,17.60000038,19.23279953,21.01720047,22.96699905,25.0977993,29.90649986,35.63660049,42.46450043,44.95629883,45.77939987,
Mauritius,MUS,Individuals using the Internet (% of population),IT.NET.USER.ZS,,,,,,,,,,,,,,,,,,,,,,,,,,,,,,,0,,,,,,0.184,0.476,2.57,4.65,7.281535115,8.780904019,10.25262467,12.1871062,13.68908859,15.1722002,16.7,20.22,21.81,22.51,28.33,34.95000076,35.42,40.11682514,44.80327537,50.13931848,52.19129944,55.4032403,58.5961697,61.72995515,67.73290684,71.59999847,75.5,79.5,73.30793533,
Mexico,MEX,Individuals using the Internet (% of population),IT.NET.USER.ZS,,,,,,,,,,,,,,,,,,,,,,,,,,,,,,,0,0.00588,0.0173,0.0283,0.0433,0.103,0.2,0.627,1.27,1.86,5.081384153,7.038023117,11.9,12.9,14.1,17.20999908,19.52000046,20.81,21.71,26.34,31.05,37.17629541,39.75,43.46,44.38569627,57.43104299,59.540446,53.03178861,56.6595668,69.63210927,71.49017499,75.62650476,78.63217894,81.18318755,83.12233799,
"Micronesia, Fed. Sts.",FSM,Individuals using the Internet (% of population),IT.NET.USER.ZS,,,,,,,,,,,,,,,,,,,,,,,,,,,,,,,0,,,,,,0.278,0.571,1.86,2.8,3.734862137,4.660527199,5.570099705,9.2325021,11.01786731,11.88140011,12.75030041,13.62110043,14.49,15.35,20,22.79999924,25.97439957,27.79999924,29.64999962,31.50110054,33.35219955,35.30410004,36.61460114,37.97370148,39.38330078,,39.0279007,39.39889908,39.52360153,
"Middle East, North Africa, Afghanistan & Pakistan",MEA,Individuals using the Internet (% of population),IT.NET.USER.ZS,,,,,,,,,,,,,,,,,,,,,,,,,,,,,,,,,,,,,,,,,,,,,,8.3,9.6,11.7,14.1,16.1,18.3,20.1,22.4,25.2,28.7,31.8,35,39.7,42.3,46,50.6,54.2,57.8,59.5,61.5,63.7
"Middle East, North Africa, Afghanistan & Pakistan (excluding high income)",MNA,Individuals using the Internet (% of population),IT.NET.USER.ZS,,,,,,,,,,,,,,,,,,,,,,,,,,,,,,,,,,,,,,,,,,,,,,7.5,8.4,9.7,11.7,13.5,15.5,16.9,18.7,21.3,24.7,27.6,30.8,34.8,37.6,41.5,46.4,50.2,54.1,55.9,58,0
"Middle East, North Africa, Afghanistan & Pakistan (IDA & IBRD)",TMN,Individuals using the Internet (% of population),IT.NET.USER.ZS,,,,,,,,,,,,,,,,,,,,,,,,,,,,,,,,,,,,,,,,,,,,,,7.4,8.3,9.6,11.6,13.4,15.3,16.7,18.6,21.1,24.5,27.4,30.6,34.6,37.4,41.3,46.2,50,53.8,55.7,57.8,60.2
Middle income,MIC,Individuals using the Internet (% of population),IT.NET.USER.ZS,,,,,,,,,,,,,,,,,,,,,,,,,,,,,,,,,,,,,,,,,,,,,,,,,,,,,,,,,,,,,,,,,,
Moldova,MDA,Individuals using the Internet (% of population),IT.NET.USER.ZS,,,,,,,,,,,,,,,,,,,,,,,,,,,,,,,0,,,,0.000825,0.00346,0.00464,0.0281,0.261,0.601,1.282846417,1.487812952,3.787242799,7.407544584,10.62939084,14.63027046,19.62064771,20.45,23.39,27.5,29.68000031,32.06999969,34.65000153,37.43999863,66.9999982,69.00000447,70.99999911,71.76709747,72.54239655,73.32610321,74.11830139,74.91899872,74.91899872,76.50330353,77.3687973,
Monaco,MCO,Individuals using the Internet (% of population),IT.NET.USER.ZS,,,,,,,,,,,,,,,,,,,,,,,,,,,,,,,0,,,,,,,,,,42.18486345,46.64614236,48.04711717,49.49116892,52.49019668,55.46480179,61.47600174,64.37770081,67.25,70.1,75,80.30000305,87,90.69999695,92.40000153,93.36329651,95.20819855,97.0530014,,98,98.57080078,99.07759857,98.75189972,98.87049866,99.04489899,
Mongolia,MNG,Individuals using the Internet (% of population),IT.NET.USER.ZS,,,,,,,,,,,,,,,,,,,,,,,,,,,,,,,0,,,,,0.00881,0.0182,0.113,0.146,0.508,1.255652004,1.653238239,2.039572603,,,9,9,9,9.800000191,10,10.2,12.49999111,16.4,17.69998424,19.94244743,22.50000413,22.2657705,23.71430016,47.13000188,51.07999408,62.50002848,81.60682285,81.07720184,83.74320221,85.12349701,
Montenegro,MNE,Individuals using the Internet (% of population),IT.NET.USER.ZS,,,,,,,,,,,,,,,,,,,,,,,,,,,,,,,,,,,,,,,,,,,,,25.3500686,27.10000038,28.89999962,30.79999924,32.90000153,35.09999847,37.5,35.61154125,56.83878255,60.31,63.88688401,68.11978601,69.88164684,71.27233254,71.51710049,73.47666575,77.60879306,82.21969752,88.22192026,88.5515976,88.88258428,
Morocco,MAR,Individuals using the Internet (% of population),IT.NET.USER.ZS,,,,,,,,,,,,,,,,,,,,,,,,,,,,,,,0,,,,,0.00371,0.00568,0.0216,0.142,0.176,0.693791245,1.371438101,2.373253192,3.353366681,11.60793477,15.08444452,19.77119157,21.5,33.1,41.3,52,46.1074826,55.41605319,56,56.77463792,57.07999935,58.27123642,61.76221201,64.80386519,84.12036305,84.12036305,88.13031937,89.9,91,91.2,
Mozambique,MOZ,Individuals using the Internet (% of population),IT.NET.USER.ZS,,,,,,,,,,,,,,,,,,,,,,,,,,,,,,,0,,,,,,0.00304,0.0118,0.0202,0.0563,0.10959253,0.160031947,0.259612611,0.419538844,0.679447835,0.854399979,0.842954488,0.91,1.56,2.68,4.17,4.599999905,5,5.5,6,6.5,7,7.796326608,10.89999962,12.47929955,14.28740025,16.35759926,18.96220016,19.94560051,20.52729988,
Myanmar,MMR,Individuals using the Internet (% of population),IT.NET.USER.ZS,,,,,,,,,,,,,,,,,,,,,,,,,,,,,,,0,,,,,,,,,0.000152,,0.000289277,0.000426494,0.024064149,0.024337392,0.065200001,0.182048331,0.217128445,0.22,0.219999999,0.25,0.98,1.399999976,1.799999952,7.400000095,10.89999962,16,23.62108195,29.37899971,36.54050064,45.4477005,,,,,
Namibia,NAM,Individuals using the Internet (% of population),IT.NET.USER.ZS,,,,,,,,,,,,,,,,,,,,,,,,,,,,,,,0,,,,,0.00617,0.00903,0.0588,0.287,0.336,1.644739547,2.416979442,2.633699769,3.359839886,3.804715615,4.010000229,4.398870647,4.835610778,5.329003772,6.5,11.6,12,12.94139957,13.89999962,14.84000015,25.68790054,31.0333004,36.83739853,42.8207016,49.77590179,57.8608017,60.25999832,62.99720001,63.69549942,64.87460327,
Naoero,NRU,Individuals using the Internet (% of population),IT.NET.USER.ZS,,,,,,,,,,,,,,,,,,,,,,,,,,,,,,,0,,,,,,,,,,,2.987155233,,,,,,,,,,54,,,,,,62.38510132,,74.73789978,77.46659851,80.29499817,83.22660065,83.03970337,83.01170349,
Nepal,NPL,Individuals using the Internet (% of population),IT.NET.USER.ZS,,,,,,,,,,,,,,,,,,,,,,,,,,,,,,,0,0,0,0,0,0.000925,0.00451,0.022,0.0644,0.147,0.204651684,0.240015303,0.31295606,0.382810917,0.449843651,0.826551266,1.141389164,1.41,1.73,1.97,7.93,9,11.14929962,13.30000019,15.43999958,17.58160019,20.70000076,24.3,28.60000038,33.33660126,36.96530151,40.98910141,45.45080185,45.80680084,46.32189941,
Netherlands,NLD,Individuals using the Internet (% of population),IT.NET.USER.ZS,,,,,,,,,,,,,,,,,,,,,,,,,,,,,,,0.334,0.531,1.32,1.97,3.26,6.47,9.65,14.1,22.2,39.2,43.98435137,49.37306211,61.29,64.35,68.52,81,83.7,85.82,87.42,89.63,90.72,91.41999576,92.85999236,93.9564,91.66666667,91.72413793,90.4109589,93.19727891,91.89189189,93.2885906,91.33333333,92.05298013,92.51968504,97.00680272,97.00679779,
New Caledonia,NCL,Individuals using the Internet (% of population),IT.NET.USER.ZS,,,,,,,,,,,,,,,,,,,,,,,,,,,,,,,0,,,,,0.00518,0.253,0.989,1.94,5.69,13.93954882,18.23710978,22.38979742,26.40833447,30.29804621,32.35901475,33.51571468,35.05,34.51,33.99,42,50,58,66,70,74.00175279,,82.0058408,,,,,,,,
New Zealand,NZL,Individuals using the Internet (% of population),IT.NET.USER.ZS,,,,,,,,,,,,,,,,,,,,,,,,,,,,,,,0,,0.286,0.631,3.17,4.88,8.04,14.6,31.6,41.5,47.37955654,53.24101529,59.08075328,60.96253987,61.84762781,62.72019958,69,69.76000214,72.02999878,79.7,80.45999908,81.23000336,81.64447018,82.77999878,84,85.19999695,86.5,87.69999695,89,89.86370087,90.92099762,91.99060059,93.07289886,93.32610321,93.51930237,
Nicaragua,NIC,Individuals using the Internet (% of population),IT.NET.USER.ZS,,,,,,,,,,,,,,,,,,,,,,,,,,,,,,,0,,,,0.0132,0.03,0.0841,0.206,0.304,0.498,0.980216487,1.448799428,1.714729584,1.880412532,2.320664609,2.566400051,2.805573063,3.900000095,5.300000191,7.300000191,10,10.6,13.5,15.5,17.60000038,19.70429993,24.57180023,30.39999962,33.9129982,39.01079941,44.87490082,51.62039948,59.38000107,60.30120087,61.39550018,
Niger,NER,Individuals using the Internet (% of population),IT.NET.USER.ZS,,,,,,,,,,,,,,,,,,,,,,,,,,,,,,,0,,,,,,0.00104,0.00201,0.00291,0.0281,0.036261294,0.105185431,0.127152469,0.155698704,0.189933734,0.221300006,0.294,0.390399992,0.7,0.76,0.829999983,0.9,1.049999952,1.149999976,1.248675689,2.476200104,4.322800159,10.22431156,10.74180031,11.28549957,11.85680008,12.45689964,13.08749962,12.98079967,15.55760002,
Nigeria,NGA,Individuals using the Internet (% of population),IT.NET.USER.ZS,,,,,,,,,,,,,,,,,,,,,,,,,,,,,,,0,,,,,,0.00883,0.0172,0.0252,0.041,0.064080808,0.08990137,0.320461976,0.558576245,1.286137641,3.549155718,5.545036083,6.769999981,8,9.300000191,11.5,13.80000019,16.10000038,19.10000038,21,22.51420021,24.13750076,25.87789917,27.74370003,29.74410057,31.88879967,35.50979996,39.14720154,40.06399918,41.21139908,
North America,NAC,Individuals using the Internet (% of population),IT.NET.USER.ZS,,,,,,,,,,,,,,,,,,,,,,,,,,,,,,,,,,,,,,,,,,,,,,68.3,69.3,74.8,74.3,71.9,72.5,71,75.5,72.8,74.4,76.1,86.1,87.8,89.1,89.7,90.5,91.5,92.6,93.3,94.4,95.6
North Macedonia,MKD,Individuals using the Internet (% of population),IT.NET.USER.ZS,,,,,,,,,,,,,,,,,,,,,,,,,,,,,,,0,,,,,0.0407,0.076,0.504,1,1.5,2.485566316,3.468184608,17.33,19.07,24.44,26.45000076,28.62,36.29999924,46.04,51.77,51.9,56.7,57.44994731,65.24,68.05848154,70.38020308,72.15681447,74.51682418,79.16775519,81.41288276,81.40553811,81.873703,83.85030365,88.5,93.6,93.1
Northern Mariana Islands,MNP,Individuals using the Internet (% of population),IT.NET.USER.ZS,,,,,,,,,,,,,,,,,,,,,,,,,,,,,,,0,,,,,,,,,,,,,,,,,,,,,,,,,,,,,,,,,,,
Norway,NOR,Individuals using the Internet (% of population),IT.NET.USER.ZS,,,,,,,,,,,,,,,,,,,,,,,,,,,,,,,0.707,1.41,2.22,2.78,4.15,6.42,18.3,20.4,22.6,40,52,64,72.84,78.13,77.69,81.99,82.55,86.93,90.57,92.08,93.39,93.48998265,94.64997805,95.0534,96.30050982,96.81032569,97.29820367,96.3576013,96.49165799,98.00000439,94.60755647,99.0000036,98.99997764,99.00000258,99,
Not classified,INX,Individuals using the Internet (% of population),IT.NET.USER.ZS,,,,,,,,,,,,,,,,,,,,,,,,,,,,,,,,,,,,,,,,,,,,,,,,,,,,,,,,,,,,,,,,,,
OECD members,OED,Individuals using the Internet (% of population),IT.NET.USER.ZS,,,,,,,,,,,,,,,,,,,,,,,,,,,,,,,,,,,,,,,,,,,,,,,,,,,,,,,,,,,,,,,,,,
Oman,OMN,Individuals using the Internet (% of population),IT.NET.USER.ZS,,,,,,,,,,,,,,,,,,,,,,,,,,,,,,,0,,,,,,0,0.44,0.863,2.52,3.520421417,5.893841521,6.873396039,7.255742945,6.75885217,6.683599949,8.299699783,16.68,20,26.79999924,35.8278,48,60,66.45,70.22000122,73.52999878,76.84539047,80.18560028,85.5,90.25939941,95.23229321,95.23880005,95.24530029,95.25170135,95.25174678,
Other small states,OSS,Individuals using the Internet (% of population),IT.NET.USER.ZS,,,,,,,,,,,,,,,,,,,,,,,,,,,,,,,,,,,,,,,,,,,,,,,,,,,,,,,,,,,,,,,,,,
Pacific island small states,PSS,Individuals using the Internet (% of population),IT.NET.USER.ZS,,,,,,,,,,,,,,,,,,,,,,,,,,,,,,,,,,,,,,,,,,,,,,,,,,,,,,,,,,,,,,,,,,
Pakistan,PAK,Individuals using the Internet (% of population),IT.NET.USER.ZS,,,,,,,,,,,,,,,,,,,,,,,,,,,,,,,0,,,,,0.000123,0.00299,0.0275,0.0439,0.0554,,1.318550779,2.577426737,5.041158126,6.164320985,6.332300186,6.5,6.800000191,7,7.5,8,8,8.100000381,9,10,11,12.38544676,13.77999973,15.34000015,17.07090172,18.935,,,,57.253,
Palau,PLW,Individuals using the Internet (% of population),IT.NET.USER.ZS,,,,,,,,,,,,,,,,,,,,,,,,,,,,,,,0,,,,,,,,,,,,20.24393947,21.60152718,26.97033263,,,,,,,,,,,,,,,,,,82.56749725,82.91629791,83.92549896,
Panama,PAN,Individuals using the Internet (% of population),IT.NET.USER.ZS,,,,,,,,,,,,,,,,,,,,,,,,,,,,,,,0,,,,0.00764,0.0561,0.22,0.539,2.75,3.84,6.554796477,7.268399878,8.518077815,9.987424077,11.14086254,11.48400021,17.34959984,22.29,33.82,39.08,40.1,42.7,40.30189522,44.03,44.92381526,51.20542499,54,59.9506309,61.80553132,63.62841477,64.82430267,66.04270172,67.2838974,68.54851592,72.77149963,
Papua New Guinea,PNG,Individuals using the Internet (% of population),IT.NET.USER.ZS,,,,,,,,,,,,,,,,,,,,,,,,,,,,,,,0,,,,,,0.00207,0.101,0.235,0.667,0.835249302,0.904103545,1.321656935,1.374404668,1.507912772,1.716190476,1.754487261,1.790599942,1.15,1.61,1.28,2,3.5,5.099999905,6.5,7.900000095,9.601499557,11.20919991,12.35789967,13.62419987,15.02040005,16.55960083,18.25659943,18.56130028,18.81159973,
Paraguay,PRY,Individuals using the Internet (% of population),IT.NET.USER.ZS,,,,,,,,,,,,,,,,,,,,,,,,,,,,,,,0,,,,,,0.0204,0.0996,0.195,0.382,0.747630712,1.098793836,1.794969598,2.111942082,3.452438431,7.907007861,7.962100029,11.21,14.27,18.9,19.8,24.76351588,29.34,36.9,43.00737501,49.71630466,53.40412748,61.07575622,64.99354302,68.51762842,73.95751114,77.01838621,76.25916611,78.09481878,81.57806793,
Peru,PER,Individuals using the Internet (% of population),IT.NET.USER.ZS,,,,,,,,,,,,,,,,,,,,,,,,,,,,,,,0,,,,0.0085,0.0334,0.246,0.403,1.19,1.95,3.076430611,7.578762957,8.96694917,11.6,14.1,17.10000038,20.70000076,25.20000076,30.57,31.4,34.77,36.01,38.2,39.2,40.24465601,40.85260091,45.46174069,50.45041218,55.05433424,59.9505036,65.25179796,71.10782643,74.67495213,79.48484477,81.95705992,
Philippines,PHL,Individuals using the Internet (% of population),IT.NET.USER.ZS,,,,,,,,,,,,,,,,,,,,,,,,,,,,,,,0,,,,0.00584,0.0286,0.0559,0.137,1.1,1.43,1.982253196,2.52400566,4.332275746,4.857672267,5.243628452,5.397600174,5.740586325,5.97,6.22,9,25,29,30.79999924,32.70000076,34.70000076,36.90000153,39.20000076,41.59999847,44.09999847,43.02661187,53.76490021,66.90779877,75.21114422,77.86699677,67.26300914,
Poland,POL,Individuals using the Internet (% of population),IT.NET.USER.ZS,,,,,,,,,,,,,,,,,,,,,,,,,,,,,,,0,0.00523,0.0521,0.13,0.389,0.648,1.3,2.07,4.1,5.46,7.285428708,9.900669707,21.15,24.87,32.53,38.81,44.58,48.6,53.13,58.97,62.32,61.94999897,62.30999727,62.8492,66.59873606,67.99698716,73.3007041,75.98536595,77.54173454,80.43590688,83.18488715,85.37490906,86.94113479,86.414744,88.58496367,
Portugal,PRT,Individuals using the Internet (% of population),IT.NET.USER.ZS,,,,,,,,,,,,,,,,,,,,,,,,,,,,,,,0,0.1,0.25,0.45,0.719,1.49,2.98,4.95,9.87,14.7,16.43046769,18.08713656,19.37,29.67,31.78,34.99,38.01,42.09,44.13,48.27,53.3,55.24999688,60.33999749,62.0956,64.59242006,68.63286148,70.42356709,73.79121395,74.66096815,75.34637794,78.26166044,82.30902804,84.49690644,85.79012676,88.48704454,
Post-demographic dividend,PST,Individuals using the Internet (% of population),IT.NET.USER.ZS,,,,,,,,,,,,,,,,,,,,,,,,,,,,,,,,,,,,,,,,,,,,,,,,,,,,,,,,,,,,,,,,,,
Pre-demographic dividend,PRE,Individuals using the Internet (% of population),IT.NET.USER.ZS,,,,,,,,,,,,,,,,,,,,,,,,,,,,,,,,,,,,,,,,,,,,,,,,,,,,,,,,,,,,,,,,,,
Puerto Rico (US),PRI,Individuals using the Internet (% of population),IT.NET.USER.ZS,,,,,,,,,,,,,,,,,,,,,,,,,,,,,,,0,,,,0.0273,0.135,0.268,1.33,2.65,5.27,10.47464821,15.63003092,17.54764757,19.70702566,22.13073823,23.40005045,25.44241821,27.86,38,41.5,45.3,48,68.9999826,68.99999,76.13385972,63.46633538,68.6438072,68.74077314,70.85639974,77.73643937,,84.78666399,87.29178106,,,
Qatar,QAT,Individuals using the Internet (% of population),IT.NET.USER.ZS,,,,,,,,,,,,,,,,,,,,,,,,,,,,,,,0,,,,,0.19,0.93,3.08,3.52,4.07,4.863679179,6.170268561,10.22612893,19.24233642,20.70164785,24.73349953,28.97410011,37,44.29999924,53.09999847,69,69,69.3,85.3,91.48999786,92.88482645,95.12466217,97.38884917,99.65284913,99.65280421,99.65284913,99.65280151,98.03800201,98.15229797,98.08540344,
Romania,ROU,Individuals using the Internet (% of population),IT.NET.USER.ZS,,,,,,,,,,,,,,,,,,,,,,,,,,,,,,,0,,,0.0037,0.0263,0.075,0.222,0.445,2.24,2.7,3.613717291,4.538669029,6.58,8.9,15,21.5,24.66,28.3,32.42,36.6,39.93,40.00999678,45.87999425,49.7645,54.07832066,55.76315563,59.50395129,63.74728218,70.68127793,73.65747575,78.45526895,83.5904265,85.50309124,89.20335498,91.29048551,
Russian Federation,RUS,Individuals using the Internet (% of population),IT.NET.USER.ZS,,,,,,,,,,,,,,,,,,,,,,,,,,,,,,,0,,0.000673,0.0134,0.0538,0.148,0.27,0.473,0.813,1.02,1.977230109,2.944367787,4.128271818,8.298860616,12.8593889,15.22669983,18.02330017,24.66,32,42.55,49,58,66,67.97,70.51756826,70.09924123,73.09143462,76.00813853,80.86472187,82.64216187,84.99466978,88.21384578,90.41799163,92.24496346,94.36495368,
Rwanda,RWA,Individuals using the Internet (% of population),IT.NET.USER.ZS,,,,,,,,,,,,,,,,,,,,,,,,,,,,,,,0,,,,,,0.000883,0.00163,0.0118,0.0672,0.06283146,0.24067241,0.292784719,0.356918467,0.430854243,0.555999994,,2.115400076,4.5,7.7,8,7,8.023900032,9,10.60000038,12.45600033,14.63710022,17.2,19.16659927,21.3579998,23.8,24.4416008,28.01679993,28.80579948,31.70330048,
Samoa,WSM,Individuals using the Internet (% of population),IT.NET.USER.ZS,,,,,,,,,,,,,,,,,,,,,,,,,,,,,,,0,,,,,,,0.175,0.23,0.285,0.566392533,1.689902831,2.244832676,2.799630449,3.07552941,3.352592112,4.469173873,4.75,5.031599998,6,7,11,12.92249966,15.30000019,21.20000076,,,,,,,,,,,
San Marino,SMR,Individuals using the Internet (% of population),IT.NET.USER.ZS,,,,,,,,,,,,,,,,,,,,,,,,,,,,,,,0,,,,,1.36,1.43,1.42,1.41,42.8,48.79949531,50.34166909,50.83483994,50.00345304,50.56634304,,50.20865936,50.36482211,54.52,54.21,,49.6,,,,,55,60.18230057,,67.85070038,77.94999695,81.66999817,97.32790375,97.33640289,97.35220337,
Sao Tome and Principe,STP,Individuals using the Internet (% of population),IT.NET.USER.ZS,,,,,,,,,,,,,,,,,,,,,,,,,,,,,,,0,,,,,,,,0.296,0.363,4.638516816,6.310917888,7.580665169,10.16184431,13.32285269,13.75949955,14.18200016,14.5904832,15.47999954,16.40999985,18.75,20.16119957,21.57239914,23,24.40999985,25.81999969,28,32.61640167,37.99380112,44.25790024,51.55469894,54.94950104,58.56779861,58.70130157,59.11759949,
Saudi Arabia,SAU,Individuals using the Internet (% of population),IT.NET.USER.ZS,,,,,,,,,,,,,,,,,,,,,,,,,,,,,,,0,,,,,0.011,0.0267,0.0521,0.101,0.494,2.210691809,4.681053166,6.38470502,8.001582891,10.234533,12.70503599,19.45955435,30,36,38,41,47.5,54,60.5,64.71365737,69.6162358,74.87927469,94.17559961,93.31000185,95.7247356,97.8623325,100,100,100,100,
Senegal,SEN,Individuals using the Internet (% of population),IT.NET.USER.ZS,,,,,,,,,,,,,,,,,,,,,,,,,,,,,,,0,,,,,0.000693,0.0112,0.0273,0.0799,0.311,0.403967486,0.983794059,1.006454537,2.10143643,4.38602398,4.786684083,5.611738652,6.889999866,7.119999886,7.5,8,9.800000191,10.80000019,13.10000038,17.70000076,21.70000076,25.66480064,29.64310074,35.29999924,43.37969971,53.30879974,55.04040146,56.82830048,59.18740082,60.11780167,
Serbia,SRB,Individuals using the Internet (% of population),IT.NET.USER.ZS,,,,,,,,,,,,,,,,,,,,,,,,,,,,,,,,,,,,,,,,,,,,,23.5,26.29999924,27.2,33.15,35.6,38.1,40.9,42.2,48.09999847,53.45036418,62.07508046,65.3170254,67.05684137,70.33083553,73.36070915,77.41677362,78.36804864,81.16588116,83.53825397,85.35746686,87.69071294,
Seychelles,SYC,Individuals using the Internet (% of population),IT.NET.USER.ZS,,,,,,,,,,,,,,,,,,,,,,,,,,,,,,,0,,,,,,0.651,1.28,2.53,6.23,7.395629183,11.01510293,14.30417083,14.59250432,24.27213922,25.41326815,34.95197117,38.38,40.44,,41,43.16400146,47.07600021,50.40000153,51.25469971,54.25960159,56.51470184,62.55310059,69.23660278,76.63420105,79.25170135,81.99530029,84.83380127,86.001297,87.81800079,
Sierra Leone,SLE,Individuals using the Internet (% of population),IT.NET.USER.ZS,,,,,,,,,,,,,,,,,,,,,,,,,,,,,,,0,,,0,0,0,0.00251,0.00499,0.0148,0.0485,0.118254246,0.160264445,0.176198957,0.190173282,0.203007681,0.215399995,0.227699995,0.239800006,0.25,0.25999999,0.579999983,0.899999976,2.5,4,6.057300091,6.344399929,7.680099964,9.297100067,14.42230034,15.71370029,17.12080002,18.65390015,21.50880051,23.71360016,25.10499954,
Singapore,SGP,Individuals using the Internet (% of population),IT.NET.USER.ZS,,,,,,,,,,,,,,,,,,,,,,,,,,,,,,,0,0.162,0.471,0.763,1.19,2.87,8.35,13.5,19.6,24.2,36,41.67042518,47,53.83794329,62,61,59,69.9,69,69,71,71,72,80.90209961,79.02923586,79.012957,84.45226789,84.45226789,88.16563603,88.94925269,92.00434653,96.92468156,95.95386476,94.28518987,94.37757178,
Sint Maarten (Dutch part),SXM,Individuals using the Internet (% of population),IT.NET.USER.ZS,,,,,,,,,,,,,,,,,,,,,,,,,,,,,,,,,,,,,,,,,,,,,,,,,,,,,,,,,,,,,,,,,,
Slovak Republic,SVK,Individuals using the Internet (% of population),IT.NET.USER.ZS,,,,,,,,,,,,,,,,,,,,,,,,,,,,,,,0,,,0.128,0.319,0.523,0.783,1.17,2.69,5.44,9.426803201,12.52832185,40.14,43.04,52.89,55.19,56.08,61.8,66.05,70,75.71,74.43999717,76.70999012,77.8826,79.98430177,77.63468203,80.47585728,81.62566752,80.44892248,82.8536605,89.92090413,88.92560523,89.06766196,87.2131343,89.82507032,
Slovenia,SVN,Individuals using the Internet (% of population),IT.NET.USER.ZS,,,,,,,,,,,,,,,,,,,,,,,,,,,,,,,0,,,0.41,1.07,2.9,5.07,7.59,10.1,12.6,15.11025956,30.17591047,27.83888542,31.85479301,40.81,46.81,54.01,56.74,58,64,70,67.33999481,68.34997453,72.6756,71.58625159,73.09865997,75.49850426,78.88542636,79.7499766,83.1083578,86.60130109,89.00399524,88.91248552,90.37794678,90.76355487,
Small states,SST,Individuals using the Internet (% of population),IT.NET.USER.ZS,,,,,,,,,,,,,,,,,,,,,,,,,,,,,,,,,,,,,,,,,,,,,,19.6,21.1,23.3,25.6,28.7,32,35.5,38.5,41.2,44.7,47.7,50.9,55.6,58,62.1,65.6,69.1,70.5,71.7,72.5,0
Solomon Islands,SLB,Individuals using the Internet (% of population),IT.NET.USER.ZS,,,,,,,,,,,,,,,,,,,,,,,,,,,,,,,0,,,,,0.0249,0.269,0.392,0.508,0.495,0.481296806,0.468551964,0.501919843,0.555609882,0.649672673,0.844299972,1.646299958,2,3,4,5,6,6.997399807,8,9,10.00049973,11.00090027,15.14840031,20.8593998,22.48880005,24.1984005,26.03790092,28.01729965,28.67239952,29.04070091,
"Somalia, Fed. Rep.",SOM,Individuals using the Internet (% of population),IT.NET.USER.ZS,,,,,,,,,,,,,,,,,,,,,,,,,,,,,,,0,,,,,0,0.00151,0.00295,0.00716,0.0139,0.02,0.079039179,0.115614213,0.376198003,1.053454744,1.077299953,1.100200057,1.122200012,1.142699957,1.160599947,,1.25,1.376700044,1.5,1.629999995,1.75999999,1.879999995,,,2.731400013,15.02369976,23.87479973,27.6,26.12010002,27.94020081,
South Africa,ZAF,Individuals using the Internet (% of population),IT.NET.USER.ZS,,,,,,,,,,,,,,,,,,,,,,,,,,,,,,,0,0.0133,0.0389,0.114,0.247,0.677,0.842,1.63,2.91,4.12,5.348559732,6.346619318,6.710322437,7.007691726,8.425118683,7.48854253,7.607139675,8.065375174,8.43,10,24,33.97,41,46.5,49,51.91910172,54,56.16740036,62.40000153,69.69689941,72.1128006,74.96859741,78.29319763,78.33670044,78.35759735,
South Asia,SAS,Individuals using the Internet (% of population),IT.NET.USER.ZS,,,,,,,,,,,,,,,,,,,,,,,,,,,,,,,,,,,,,,,,,,,,,,2.1,2.6,3.7,4.1,4.9,7.1,9.4,10.4,11.7,13,14.7,16.7,18.8,20.9,29.7,42.5,48,54.2,58.3,62.8,67.8
South Asia (IDA & IBRD),TSA,Individuals using the Internet (% of population),IT.NET.USER.ZS,,,,,,,,,,,,,,,,,,,,,,,,,,,,,,,,,,,,,,,,,,,,,,2.1,2.6,3.7,4.1,4.9,7.1,9.4,10.4,11.7,13,14.7,16.7,18.8,20.9,29.7,42.5,48,54.2,58.3,62.8,67.8
South Sudan,SSD,Individuals using the Internet (% of population),IT.NET.USER.ZS,,,,,,,,,,,,,,,,,,,,,,,,,,,,,,,,,,,,,,,,,,,,,,,,,,,,,1.5,2.200000048,2.599999905,3,3.5,4.1,4.800000191,6.671000004,,,,,,
Spain,ESP,Individuals using the Internet (% of population),IT.NET.USER.ZS,,,,,,,,,,,,,,,,,,,,,,,,,,,,,,,0.0129,0.0257,0.0768,0.128,0.28,0.381,1.33,2.8,4.36,7.09,13.62496081,18.14872269,20.39,39.93,44.01,47.88,50.37,55.11,59.6,62.4,65.8,67.08999939,69.80999994,71.635,76.18670898,78.68963187,80.56133294,84.6022457,86.10723553,90.71866533,93.20564892,93.89752157,94.4855432,95.44564516,95.7574516,
Sri Lanka,LKA,Individuals using the Internet (% of population),IT.NET.USER.ZS,,,,,,,,,,,,,,,,,,,,,,,,,,,,,,,0,,,,0.00277,0.00548,0.0545,0.162,0.296,0.348,0.647410011,0.793821864,1.050422706,1.458580228,1.44615998,1.792000055,2.537566129,3.88,4.824500084,5.868500233,6.912399769,7.956399918,9.00039959,10.04440022,10.50000262,15.26249981,22.19,25.07550049,28.33620071,32.02090073,36.18473435,44.45308724,48.3,51.2,54.59,
St. Kitts and Nevis,KNA,Individuals using the Internet (% of population),IT.NET.USER.ZS,,,,,,,,,,,,,,,,,,,,,,,,,,,,,,,0,,,,,,1.95,2.26,3.34,4.4,5.86281024,7.714726556,21.15238176,22.96978429,24.73767754,34,38.5,43.5,49.20000076,55.70000076,63,63.20000076,64,64.59999847,65.38179779,66.17310333,66.97389984,67.78440094,68.60479736,69.43499756,70.27529907,74.37159729,75.76229858,76.58950043,76.88400269,
St. Lucia,LCA,Individuals using the Internet (% of population),IT.NET.USER.ZS,,,,,,,,,,,,,,,,,,,,,,,,,,,,,,,0,,,,,0.306,0.67,0.992,1.3,1.93,5.090483341,8.181863954,14.64183577,20.98247346,21.39521236,21.56758295,24.5,27.89999962,30,31,32.5,34,45.865,49.3871994,53.17969894,57.26330185,58.22259903,59.16009903,60.11259842,61.08050156,62.06399918,63.06330109,66.95159912,67.44390106,68.20500183,
St. Martin (French part),MAF,Individuals using the Internet (% of population),IT.NET.USER.ZS,,,,,,,,,,,,,,,,,,,,,,,,,,,,,,,,,,,,,,,,,,,,,,,,,,,,,,,,,,,,,,,,,,
St. Vincent and the Grenadines,VCT,Individuals using the Internet (% of population),IT.NET.USER.ZS,,,,,,,,,,,,,,,,,,,,,,,,,,,,,,,0,,,,,0.129,0.483,0.926,1.85,2.78,3.245037411,5.094809778,5.54959488,6.462274167,7.371165842,9.198278082,12,16,21,31,33.70000076,36.70000076,40,43.5,47.4,49.40000153,51.5,53.70000076,56,59.57630157,63.38100052,68.83339691,74.75479889,75.53679657,76.19010162,
Sub-Saharan Africa,SSF,Individuals using the Internet (% of population),IT.NET.USER.ZS,,,,,,,,,,,,,,,,,,,,,,,,,,,,,,,,,,,,,,,,,,,,,,2,2.6,3.1,3.6,4.3,6,7.5,9.2,11.2,13.4,16.2,18.3,20,22,24.4,26.7,29,31.1,32.3,33.6,35.7
Sub-Saharan Africa (excluding high income),SSA,Individuals using the Internet (% of population),IT.NET.USER.ZS,,,,,,,,,,,,,,,,,,,,,,,,,,,,,,,,,,,,,,,,,,,,,,2.2,2.8,3.7,4.2,4.9,6.7,8.3,9.9,11.8,13.9,16.3,18.5,20.4,22.8,25.3,28,30.3,32.7,33.5,34.7,36.5
Sub-Saharan Africa (IDA & IBRD countries),TSS,Individuals using the Internet (% of population),IT.NET.USER.ZS,,,,,,,,,,,,,,,,,,,,,,,,,,,,,,,,,,,,,,,,,,,,,,2,2.5,3.4,3.8,4.5,6.1,7.6,9.2,11.1,13.3,16.1,18.2,19.9,22.1,24.4,26.8,28.9,31.1,32.1,33.3,35.2
Sudan,SDN,Individuals using the Internet (% of population),IT.NET.USER.ZS,,,,,,,,,,,,,,,,,,,,,,,,,,,,,,,0,,,,0,0,0,0.00123,0.00481,0.00879,0.025785032,0.140185224,0.439477639,0.538471703,0.791561615,,,8.66,,,,,,,,12,14.09999994,18.60000038,,,,,,,,
Suriname,SUR,Individuals using the Internet (% of population),IT.NET.USER.ZS,,,,,,,,,,,,,,,,,,,,,,,,,,,,,,,0,,,,,0.115,0.226,1,1.67,1.89,2.506411052,3.064448389,4.161568745,4.719875395,6.076047814,6.403086288,9.49960041,14.11,21.05999947,31.36,31.59,32,34.68119812,37.40000153,40.08000183,42.76380157,45.40000153,48.94520187,55.10210037,62.03350067,,,,87.4,,
Sweden,SWE,Individuals using the Internet (% of population),IT.NET.USER.ZS,,,,,,,,,,,,,,,,,,,,,,,,,,,,,,,0.584,1.16,1.5,1.72,3.41,5.1,9.04,23.7,33.5,41.4,45.68765221,51.76566494,70.57,79.13,83.89,84.83,87.76,82.01,90,91,90,92.76998606,93.17998801,94.7836,92.5236065,90.61019664,89.65094761,93.00626697,89.24696316,94.49344341,94.53943122,94.6703163,95.00970335,95.70327461,95.52930428,95.76629783
Switzerland,CHE,Individuals using the Internet (% of population),IT.NET.USER.ZS,,,,,,,,,,,,,,,,,,,,,,,,,,,,,,,0.596,1.18,1.75,2.17,2.72,3.55,4.55,15.1,24.8,34,47.1,55.1,61.4,65.1,67.8,70.1,75.7,77.2,79.2,81.3,83.9,85.19302818,85.2,86.34,83.61725126,87.4790556,89.13468774,89.68614767,91.80000305,93.14608695,94.34999847,95.56937154,96.45279694,97.34436623,97.3443985,97.32103855
Syrian Arab Republic,SYR,Individuals using the Internet (% of population),IT.NET.USER.ZS,,,,,,,,,,,,,,,,,,,,,,,,,,,,,,,0,0,0,0,0,0,0,0.0326,0.0637,0.124,0.18169858,0.35375913,2.093101019,3.397972614,4.321593778,5.648099899,7.832600117,11.5,14,17.3,20.7,22.5,24.30010033,26.20000076,28.09000015,29.97979927,31.8696003,32.70000076,33.77000046,,,,,,,
Tajikistan,TJK,Individuals using the Internet (% of population),IT.NET.USER.ZS,,,,,,,,,,,,,,,,,,,,,,,,,,,,,,,0,,,,,,,,,0.0328,0.048599595,0.051259133,0.055462827,0.064583777,0.077479907,0.298690024,3.772406207,7.197619518,8.78,10.07,11.55000019,13.02999973,14.51000023,16,17.48999977,18.97999954,20.46999931,21.95999908,32.59999847,22.68630028,27.54409981,36.70560074,48.91429901,54.41550064,55.79339981,
Tanzania,TZA,Individuals using the Internet (% of population),IT.NET.USER.ZS,,,,,,,,,,,,,,,,,,,,,,,,,,,,,,,0,,,,,,0.00162,0.0079,0.00924,0.0751,0.11719444,0.171300351,0.222484414,0.676962857,0.877574971,1.100000024,1.299999952,1.6,1.899999976,2.400000095,2.900000095,3.200000048,3.950000048,4.400000095,7,10,13.50423285,14.46339989,15.49069977,16.59090042,19.48139954,22.87540054,26.86059952,28.43190002,31.16209984,
Thailand,THA,Individuals using the Internet (% of population),IT.NET.USER.ZS,,,,,,,,,,,,,,,,,,,,,,,,,,,,,,,0,5.22E-05,0.000344,0.0136,0.0386,0.0748,0.115,0.361,1.09,2.43,3.689041279,5.556326121,7.531250335,9.299027238,10.67730332,15.02600436,17.16071472,20.03,18.2,20.1,22.4,23.66992562,26.46,28.94,34.88605358,39.31612674,47.50496562,52.89192934,56.81748093,66.65241946,77.84374066,85.26956666,87.97724503,89.53525238,90.86718789,
Timor-Leste,TLS,Individuals using the Internet (% of population),IT.NET.USER.ZS,,,,,,,,,,,,,,,,,,,,,,,,,,,,,,,0,,,,,,,,,,,,0,,,0.099031768,0.5,1,1.5,2,3,4,7,11,17.5,18.60000038,21.20000076,24.20000076,27.60000038,28.00460052,32.01269913,35.04199982,,,,
Togo,TGO,Individuals using the Internet (% of population),IT.NET.USER.ZS,,,,,,,,,,,,,,,,,,,,,,,,,,,,,,,0,0,0,0,0,0,0.0109,0.211,0.306,0.59,0.8,0.9,1,1.2,1.5,1.799999952,2,2.200000048,2.400000095,2.599999905,3,3.5,4,4.5,5.699999809,7.119999886,11.31000042,12.36022497,15.5,20.72730064,29.02370071,30.33839989,35.60749817,37.57020187,39.48320007,
Tonga,TON,Individuals using the Internet (% of population),IT.NET.USER.ZS,,,,,,,,,,,,,,,,,,,,,,,,,,,,,,,0,,,,,0.123,0.164,0.511,0.765,1.02,2.434398044,2.825371839,2.907297316,2.985817368,3.952373895,4.907800198,5.853899956,7.179900169,8.110769944,10,16,25,30,32.75400162,35.95439911,38.65129852,39.95000076,46.20080185,48.80789948,51.56299973,54.47370148,57.549,61.60739899,64.13140106,67.4417038,
Trinidad and Tobago,TTO,Individuals using the Internet (% of population),IT.NET.USER.ZS,,,,,,,,,,,,,,,,,,,,,,,,,,,,,,,0,,,,,0.158,0.393,1.17,2.72,5.81,7.721411474,15.38462722,21.99867548,25.97176411,27.02427008,28.97669983,30.00370026,32.3,34.8,44.3,48.5,55.2,57.5,59.90000153,62.40000153,65.09999847,67.80000305,70.59999847,72.76029968,74.98670197,77.28130341,84.36576986,81.69760132,81.9681015,82.15989685,
Tunisia,TUN,Individuals using the Internet (% of population),IT.NET.USER.ZS,,,,,,,,,,,,,,,,,,,,,,,,,,,,,,,0,,,,0.00738,0.0112,0.0276,0.0437,0.108,1.6,2.750740293,4.297966035,5.252887295,6.490845795,8.528817752,9.655099869,12.98639965,17.1,27.53,34.07,36.8,39.1,41.4416008,43.79999924,46.15999985,46.49999434,49.59999484,55.50015506,64.19081023,66.6999983,68.55639648,68.31552226,,,76.5,
Turkiye,TUR,Individuals using the Internet (% of population),IT.NET.USER.ZS,,,,,,,,,,,,,,,,,,,,,,,,,,,,,,,0,,,0.00846,0.0499,0.0817,0.193,0.474,0.699,2.29,3.761685035,5.189481461,11.38,12.33,14.58,15.46,18.24,28.63,34.37,36.4,39.82,43.06571043,45.13,46.25,51.03736655,53.74497914,58.34773401,64.68461768,71.04276084,73.97670229,77.6695605,81.40843745,83.43716576,85.96074155,87.3078767,89.77024003
Turkmenistan,TKM,Individuals using the Internet (% of population),IT.NET.USER.ZS,,,,,,,,,,,,,,,,,,,,,,,,,,,,,,,0,,,,,,,,,0.045,0.133282183,0.175209518,0.302132016,0.425182632,0.754053983,0.997300029,1.319573118,1.406360688,1.75,1.950000048,3,5,7.195799828,9.600000381,12.19999981,14.99680042,17.99029922,,,,,,,,,
Turks and Caicos Islands,TCA,Individuals using the Internet (% of population),IT.NET.USER.ZS,,,,,,,,,,,,,,,,,,,,,,,,,,,,,,,0,,,,,,,,,,,,,,,,,,,,,,,,,,,,,,,,,,,
Tuvalu,TUV,Individuals using the Internet (% of population),IT.NET.USER.ZS,,,,,,,,,,,,,,,,,,,,,,,,,,,,,,,0,,,,,,,,,,5.241639585,5.7,6.3,6.9,7.6,8.300000191,9.100000381,10,11.19999981,12.80000019,14.60000038,16.5,18.70000076,21.20000076,24.10000038,27.29999924,31,35.20000076,,,,,,,,
Uganda,UGA,Individuals using the Internet (% of population),IT.NET.USER.ZS,,,,,,,,,,,,,,,,,,,,,,,,,,,,,,,0,,,,,0.00286,0.00463,0.0103,0.0653,0.106,0.163714063,0.237945087,0.384093505,0.46484984,0.71997068,1.742200017,2.52940011,3.671965351,3.880000114,4.099999905,4.300000191,4.599999905,4.800000191,5.099999905,5.400000095,5.699999809,5.9,7.417900085,9.326299667,11.72579956,7.4,10,9.636899948,9.286999702,8.949831061,
Ukraine,UKR,Individuals using the Internet (% of population),IT.NET.USER.ZS,,,,,,,,,,,,,,,,,,,,,,,,,,,,,,,0,,,0.000777,0.0136,0.0431,0.0986,0.199,0.301,0.405,0.716183762,1.238759547,1.873885116,3.148127588,3.489477881,3.749799967,4.506124564,6.55,11,17.9,23.3,28.70826284,35.27,40.954129,46.23597546,48.88464368,53.0009696,58.88947945,62.55315539,70.1248443,75.03790912,79.21829353,80.47429657,81.58059692,82.47489929,
United Arab Emirates,ARE,Individuals using the Internet (% of population),IT.NET.USER.ZS,,,,,,,,,,,,,,,,,,,,,,,,,,,,,,,0,,,,,0.103,0.375,3.3,6.91,14.9,23.62530088,26.2717542,28.31648531,29.47795341,30.13129617,40,52,61,63,64,68,78,84.9999915,88,90.40001071,90.5,90.60000732,94.81992254,98.45000178,99.14999796,100,100,100,100,100,
United Kingdom,GBR,Individuals using the Internet (% of population),IT.NET.USER.ZS,,,,,,,,,,,,,,,,,,,,,,,,,,,,,,,0.0874,0.174,0.261,0.52,1.04,1.9,4.12,7.39,13.7,21.3,26.82175435,33.48109487,56.48,64.82,65.61,70,68.82,75.09,78.39,83.56,85,85.37999855,87.47999842,89.8441,91.61330092,92.00029987,94.77580063,90.42455049,90.69200899,92.51662855,94.81820132,96.19650269,95.46530151,95.44719696,95.4720993,
United States,USA,Individuals using the Internet (% of population),IT.NET.USER.ZS,,,,,,,,,,,,,,,,,,,,,,,,,,,,,,,0.785,1.16,1.72,2.27,4.86,9.24,16.4,21.6,30.1,35.8,43.07916264,49.08083159,58.78540388,61.69711712,64.75825648,67.9681015,68.93119812,75,74,71,71.69,69.72946076,74.7,71.4,73,74.55420245,85.54442129,87.27488917,88.49890317,89.43028486,90.34470367,91.2684021,92.72850037,93.52559662,94.69380188,
Upper middle income,UMC,Individuals using the Internet (% of population),IT.NET.USER.ZS,,,,,,,,,,,,,,,,,,,,,,,,,,,,,,,,,,,,,,,,,,,,,,10.2,12.5,16.6,21.2,25.8,30.6,34.5,38.3,41.4,44.3,47.9,53.3,57.7,62.2,67.5,74.9,79.4,82.7,85.3,86.9,88.8
Uruguay,URY,Individuals using the Internet (% of population),IT.NET.USER.ZS,,,,,,,,,,,,,,,,,,,,,,,,,,,,,,,0,,,,0.0625,0.31,1.85,3.36,6.99,9.97,10.53905775,11.12143768,11.4194702,15.93713672,17.06309834,20.08818956,29.39999962,34,39.3,41.8,46.4,51.40466106,54.45376868,57.69,61.46249517,64.5707871,66.40000153,70.3223544,80.72684288,83.35153377,85.47100067,87.64440155,89.87304314,90.92590332,91.99109007,
Uzbekistan,UZB,Individuals using the Internet (% of population),IT.NET.USER.ZS,,,,,,,,,,,,,,,,,,,,,,,,,,,,,,,0,,,,,0.00153,0.00429,0.0105,0.0208,0.0307,0.484347308,0.597567994,1.081939742,1.912595178,2.593725421,3.343509888,6.388321967,7.490604681,9.080114523,11.9,15.89999962,18.6,23.60000038,26.79999924,35.5,42.79999924,46.79130173,48.69999885,55.20000067,70.39999865,71.09999824,76.59043014,83.90000012,89.01361047,89.50550079,
Vanuatu,VUT,Individuals using the Internet (% of population),IT.NET.USER.ZS,,,,,,,,,,,,,,,,,,,,,,,,,,,,,,,0,,,,,,0.0568,0.14,0.274,0.538,2.108336891,2.830572239,3.510038711,3.903295845,4.746602619,5.082300186,5.850599766,6.800000191,7.269119923,7.5,8,9.199999809,10.59799957,11.30000019,18.79999924,22.35140038,,,,,,,,,,
"Venezuela, RB",VEN,Individuals using the Internet (% of population),IT.NET.USER.ZS,,,,,,,,,,,,,,,,,,,,,,,,,,,,,,,0,,0.0121,0.0416,0.0555,0.122,0.248,0.391,1.38,2.84,3.359597465,4.636000948,4.910446327,7.499963465,8.404469592,12.55299791,15.22471148,20.83,25.88,32.7,37.37,40.22,49.05008307,54.90000153,57,58,60,,,49.05009842,72.44110107,74.11219788,75.82180023,76.33190155,76.67890167,
Viet Nam,VNM,Individuals using the Internet (% of population),IT.NET.USER.ZS,,,,,,,,,,,,,,,,,,,,,,,,,,,,,,,0,,,,,,0.000135,0.00398,0.0131,0.129,0.254248276,1.265651236,1.854999236,3.780280814,7.642408528,12.73992929,17.25456172,20.75544477,23.92,26.55,30.65,35.07,36.79999924,38.5,41,45,53,58.14,69.84792868,68.66158021,70.30000012,74.20999985,78.58999918,78.08,84.15,
Virgin Islands (U.S.),VIR,Individuals using the Internet (% of population),IT.NET.USER.ZS,,,,,,,,,,,,,,,,,,,,,,,,,,,,,,,0,,,,0.941,2.8,4.65,6.95,9.25,11.1,13.81508054,18.37576604,27.49443238,27.42907299,27.37700879,27.34431967,27.33261054,27.33933584,27.36177742,27.39650968,31.22,35.6,40.5479,45.3,50.07,54.8391373,59.6083158,64.3774943,,,,,,,,
West Bank and Gaza,PSE,Individuals using the Internet (% of population),IT.NET.USER.ZS,,,,,,,,,,,,,,,,,,,,,,,,,,,,,,,0,,,,,,,,,,1.111306207,1.836854839,3.100092235,4.130616356,4.400904826,16.00499916,18.41,21.1760006,24.3579998,32.23,37.40000153,41.08000183,43.4,46.59999847,53.66519979,56.70000076,59.90000153,63.29999924,64.39999371,70.6225837,76.18160248,,88.64690554,86.63765334,,
World,WLD,Individuals using the Internet (% of population),IT.NET.USER.ZS,,,,,,,,,,,,,,,,,,,,,,,,,,,,,,,,,,,,,,,,,,,,,,15.6,17.2,20.2,22.8,25.3,28.4,30.9,33.3,35.3,37.4,39.9,43.6,46.3,49.4,53.9,60.1,63.8,67,69.2,71.2,73.6
"Yemen, Rep.",YEM,Individuals using the Internet (% of population),IT.NET.USER.ZS,,,,,,,,,,,,,,,,,,,,,,,,,,,,,,,0,,,,,,0.000621,0.015,0.0233,0.0566,0.082500387,0.090802459,0.518796032,0.6047341,0.881222989,1.048599958,1.247824049,5.01,6.89,9.96,12.35,14.90499973,17.44650078,20,22.54999924,24.08539963,24.57920074,,,17.49099922,,,,,,
Zambia,ZMB,Individuals using the Internet (% of population),IT.NET.USER.ZS,,,,,,,,,,,,,,,,,,,,,,,,,,,,,,,0,,,,0.00678,0.00878,0.00907,0.00933,0.0302,0.147,0.191071643,0.233129556,0.477750907,0.980483039,1.1,1.299999952,1.600000024,1.899999976,2.200000048,2.5,3,3.5,4.099999905,4.8,6.5,8.8,10.30000019,12.19999981,14.2999971,14.47189999,14.64579964,14.82190037,15,16.45070076,17.10099983,
Zimbabwe,ZWE,Individuals using the Internet (% of population),IT.NET.USER.ZS,,,,,,,,,,,,,,,,,,,,,,,,,,,,,,,0,,,,0.00174,0.00768,0.0168,0.0331,0.0816,0.162,0.401433535,0.799846046,1.1,1.8,2.1,2.400000095,2.400000095,3,3.5,4,6.400000095,8.399999619,12,15.5,16.36473996,22.74279976,23.12000084,24.39999962,25,26.5883007,29.29856532,32.5923996,36.25650024,38.67480087,41.64279938,
